n1	n2	n3	n4	exports	imports	n_suppliers	total_trans_cl	n_clients	total_trans_sp	distance_m_cl	distance_m_sp
A	A01	A011	A0111	713413.0245	396770.4404	82.39616613	600100.6127	2.782238819	45670.53033	63405.662	77909.31862
A	A01	A011	A0112	1389502.443	416145.7155	59.04707986	266297.1896	2.572639173	57245.45488	41955.20359	59928.22069
A	A01	A011	A0113	291309.4125	213240.023	79.90456853	324047.7269	3.162943495	43037.17734	59891.98292	63481.51972
A	A01	A011	A0114	606155.3682	257856.3962	73.16456922	192014.5516	4.886942675	46735.12769	46475.33575	71214.99533
A	A01	A011	A0115	213182.3983	641203.9453	239.7325581	1556191.703	1.126120741	19572.69443	48357.3815	341060.6799
A	A01	A011	A0116	113658.1638	108342.6445	112.0673077	263458.4511	2.726872247	42453.30797	62094.60412	80543.0858
A	A01	A011	A0119	412831.8118	3725660.1	188.629068	1043717.185	6.267198873	103608.0765	47909.50074	39339.21416
A	A01	A012	A0121	73648.57228	11302.92195	55.42307692	103030.193	2.529457364	21790.64471	63863.86535	54677.4728
A	A01	A012	A0122	5516077.056	3748881.702	122.206213	749029.3014	3.927560351	229661.3074	46509.31826	67655.69923
A	A01	A012	A0123	66433.9578	17943.79404	61.11711712	78195.32973	2.895765472	28848.66179	85203.36601	72015.68305
A	A01	A012	A0124	27747.38263	5630.721754	38.88888889	42515.93	2.607142857	24174.48595	65763.41538	67932.90457
A	A01	A012	A0125	24383.69472	1780.957143	39.8	28655.7575	2.726804124	12021.95637	28419.98543	89448.8004
A	A01	A012	A0126	2657211.533	1321988.909	108.3536421	283127.2652	2.476133048	60294.98653	115520.0917	80506.63797
A	A01	A012	A0127	491587.2297	203156.2409	76.01944895	348718.3801	2.674863855	26103.18774	58001.67626	53464.42599
A	A01	A012	A0128	33602.23479	10318.73639	53.02985075	57732.83642	2.146173149	13733.2444	65423.99396	77439.86995
A	A01	A012	A0129	434329.7406	217113.3832	98.26086957	235963.7657	3.389828337	65083.17108	72726.42362	77382.41323
A	A01	A013	A0130	72859.45422	132118.0153	126.8461538	404903.7842	5.461838006	22640.86722	59742.88354	67365.88895
A	A01	A014	A0141	684972.8303	239277.9202	75.97833301	161309.0716	2.364412563	35155.439	66470.40866	54327.07157
A	A01	A014	A0142	13798.45277	41099.79128	30.2	55381.09618	10.5890411	52517.57082	14026.15477	29067.8803
A	A01	A014	A0143	9469.1895	49562.7385	66.30769231	101127.8754	3.55	15571.9955	43947.32259	28902.7979
A	A01	A014	A0144	59502.18647	21425.28888	54.57142857	106915.0548	2.368705036	31127.81126	54428.2419	46110.1887
A	A01	A014	A0145	59094.11633	77904.77621	72.34527687	401963.4882	3.206881812	21036.5525	80172.44234	95572.07314
A	A01	A014	A0146	5993042.724	4668137.171	114.6132644	2656691.206	9.59779395	1256454.542	76682.39006	73039.17185
A	A01	A014	A0149	52838.29117	33908.58129	57.1059322	130582.0818	4.099132024	21386.04206	46353.59074	54977.41009
A	A01	A015	A0150	641465.1827	1385494.761	89.63015075	902467.3804	7.303023516	171404.254	43780.85382	86641.2187
A	A01	A016	A0161	242689.8493	131610.7782	94.3038674	430666.9139	8.118321979	111565.9491	42248.37249	64844.48868
A	A01	A016	A0162	139728.1963	6498.454747	70.48529412	65611.07809	2.280685921	26854.78529	45661.58253	55696.38188
A	A01	A016	A0163	919772.5515	948580.0774	88.60336842	704042.7105	4.657956989	114594.0792	38110.9295	50249.24207
A	A01	A016	A0164	175965.3128	21506.54472	49.21153846	153861.5862	3.313596491	79981.28825	64842.69742	89392.48692
A	A01	A017	A0170	430695.3419	159539.4448	82.63636364	469888.9736	2.238095238	160979.3794	3009.665276	54266.47045
A	A02	A021	A0210	74827.25092	80865.77158	72.1005291	190613.9558	3.344897959	52887.39518	50361.81128	81945.269
A	A02	A022	A0220	109759.0314	128607.374	133.0797101	819879.9854	2.499227202	138390.6791	42494.88632	80427.86076
A	A02	A023	A0230	2247.7	0			2.444444444	2424.14		
A	A02	A024	A0240	71832.25387	150118.7943	82.32453416	349765.7685	4.764705882	47210.21648	33910.58435	53734.50433
A	A03	A031	A0311	5303334.036	3990308.409	158.4205075	2927775.008	3.811726055	669528.2558	40236.17133	49735.79838
A	A03	A031	A0312	316630.3553	522090.5571	88.49800797	1190341.343	5.016701461	208971.5267	50979.14666	70730.96627
A	A03	A032	A0321	8102903.76	11426908.06	134.8857816	1171452.151	7.438800951	468830.7756	70649.84965	79337.1643
A	A03	A032	A0322	344828.577	165755.0361	79.24093817	381695.5704	3.104151668	71742.35086	38034.24116	42263.51383
B	B05	B051	B0510	90820.74364	46551.90409	173	348864.0569	11.76595745	78152.17723	37780.70619	5826.467811
B	B05	B051	B0512	1009.4	0			1	1009.4		
B	B05	B051	B0513	89427.65754	44060.55632	118.1363636	162440.8377	17.35616438	129567.1804	32996.92747	102808.0742
B	B05	B052	B0520	307290.1213	201298.395	33	402821.25	6.5	307909.3788	6247.607143	143410.7588
B	B06	B061	B0610	709791.8588	20938296.14	172.5996344	48340245.11	5.69739479	24011280.19	85145.3811	26261.93377
B	B06	B062	B0620	344882.0492	1682910.156	81.76119403	26025453.66	14.36363636	40955386.32	80139.23758	58866.83117
B	B07	B071	B0710	685332.7565	286894.7447	199.8644068	885792.9685	24.22580645	801818.7408	19301.63749	192358.6861
B	B07	B072	B0721	112251.5945	86219.75771	114.6282051	196659.5849	5.461538462	167786.5422	66652.80913	55736.47398
B	B07	B072	B0722	36039.21333	649036.45	481.6666667	1439438.993	5.2	24777.219	64499.12247	51501.52381
B	B07	B072	B0729	488957.6642	1215114.877	61.17965517	424990.751	4.0728842	124683.4528	99320.45876	88835.64896
B	B08	B081	B0810	607473.233	403607.2879	98.94609815	487803.1177	12.04954332	253886.7309	48147.59379	79935.30687
B	B08	B089	B0891	103761.9866	84499.37279	66.02586207	216180.3444	5.089171975	126587.5554	123521.9236	90158.10947
B	B08	B089	B0893	470628.5516	154703.4454	169.9827586	332227.2909	23.86708861	228558.2523	70872.15741	101525.3265
B	B08	B089	B0899	82826.05973	57581.28018	35.92307692	83906.56462	6.658914729	108322.0647	62803.09951	143022.4727
B	B09	B091	B0910	1636965.028	4254142.077	185.7557365	3907824.437	6.889014723	4122379.913	101332.4443	56082.31077
B	B09	B099	B0990	54111.80384	187053.7372	127.2777778	346570.9564	15.95238095	80906.43893	98113.97776	127497.7431
C	C10	C101	C1010	1310693.138	1352712.92	141.0643604	1799384.566	20.75959488	532529.4178	55369.90219	57758.18824
C	C10	C102	C1020	7949539.375	23216306.64	276.8816794	10353942.11	12.46595878	2017286.219	67219.14386	73200.41726
C	C10	C103	C1030	550133.5403	1402242.018	207.6370236	1918035.363	12.05290792	176151.0636	44009.03468	62496.02413
C	C10	C104	C1040	32862793.22	27668163.28	544.3634204	20404291.58	112.3113553	14261131.75	90098.79379	94939.58672
C	C10	C105	C1050	2306750.029	1886285.312	166.5449735	2967645.244	16.30224665	900886.7762	46821.53335	58874.53114
C	C10	C106	C1061	2240650.553	1265006.309	126.2156416	1076455.126	13.01159655	636455.7247	44142.15571	77592.87996
C	C10	C106	C1062	199071.0096	102074.7913	74.03846154	370530.7004	11.53913043	143290.9677	39128.89594	120935.2739
C	C10	C107	C1071	335223.7141	461477.4422	124.8190244	807445.654	12.60046465	52105.65326	53154.9149	48409.55716
C	C10	C107	C1072	6422559.839	2400974.197	296.9401198	6399061.798	11.74646465	2387290.575	32061.69372	71628.19217
C	C10	C107	C1073	1490391.511	1058036.548	194.5236842	2509468.212	20.98373102	294956.7904	44580.63052	43274.94019
C	C10	C107	C1074	1212759.588	1580395.536	198.0454545	1268277.789	34.57743786	829336.7229	27602.36895	44712.19188
C	C10	C107	C1075	27591.12097	11959.25484	96.31914894	98460.35926	25.9430019	2124399.201	41142.90596	101289.9617
C	C10	C107	C1079	7895118.891	4480810.13	190.6641902	3684996.875	40.14794176	1795842.57	58531.99451	62979.56367
C	C10	C108	C1080	5256663.692	4206664.883	221.3712737	3865194.264	28.3192111	2462486.605	54602.41082	61405.79613
C	C11	C110	C1101	494962.1156	510157.9379	122.3152174	767717.8037	13.25038324	467521.9013	41715.52871	57609.2242
C	C11	C110	C1102	2394544.136	2122564.445	216.8283582	4282408.835	40.85758514	2687040.86	60102.49503	127575.8727
C	C11	C110	C1103	1627388.348	4071249.045	462.55	33173981.82	18.67132867	23379541.87	34101.20561	61595.97761
C	C11	C110	C1104	1249629.487	1773271.658	149.6816193	2926632.702	37.40836897	722916.3624	45432.72961	70732.64441
C	C12	C120	C1200	5976.476087	2842859.84	322.7058824	9534796.112	3.96969697	46683020.77	135147.5873	32834.46544
C	C13	C131	C1311	1370546.796	224428.1016	186.3941176	929280.567	38.6031746	1044322.82	59045.96699	40210.94166
C	C13	C131	C1312	477970.2185	285954.6342	103.2679426	522540.5072	10.36412078	131861.3122	40954.48259	53179.71229
C	C13	C131	C1313	126035.1398	66097.35434	117.2208202	234637.4887	10.08647874	36367.87172	39724.92445	30758.29719
C	C13	C139	C1391	285056.775	80849.42382	172.625	561691.0812	25.17156863	184870.4224	45392.90113	11345.38901
C	C13	C139	C1392	434360.2371	261200.5463	106.24	499955.0686	14.44919324	79058.0987	65470.86075	36863.63533
C	C13	C139	C1393	566957.0924	192555.5469	107.1587302	1444536.083	19.69172932	198675.8997	69465.59351	37811.10667
C	C13	C139	C1394	281167.4053	116716.1349	116.3623188	329013.5817	20.546875	173592.4818	28533.04157	32353.84643
C	C13	C139	C1399	796598.6256	358061.3773	145.7747748	781409.7784	18.59885932	208561.5282	34816.6973	33914.57839
C	C14	C141	C1410	992225.7794	539932.6451	104.5391712	370557.0101	7.158512931	38676.54585	41319.49268	44693.70567
C	C14	C142	C1420	314882.6679	324563.241	131.2083333	640733.3268	9.616888889	143533.221	36482.3849	80097.73398
C	C14	C143	C1430	1086436.896	268901.0425	118.3551402	809208.5477	12.28759398	264268.2646	73331.09503	46101.3318
C	C15	C151	C1511	219835.0013	356232.49	127.4	693016.502	5.930463576	98204.09818	18224.36126	66837.56378
C	C15	C151	C1512	303989.9048	97790.19759	110.6767677	345566.8678	10.80471659	45950.60586	65264.32613	61417.74948
C	C15	C152	C1520	1009793.594	595205.5689	146.8084066	479188.8713	8.806262729	83190.34346	46063.94109	118254.3229
C	C16	C161	C1610	162208.4392	88332.02244	108.2721519	268973.2402	11.31481481	62091.18923	69810.86394	54287.49047
C	C16	C162	C1621	2281178.205	2610479.708	386.9781421	6476351.126	16.08502024	2086907.47	55969.62417	53982.39915
C	C16	C162	C1622	154832.2439	75274.78275	133.6173752	245380.8773	7.441542064	29698.53871	46097.45677	26910.98696
C	C16	C162	C1623	286501.6609	95372.14677	109.502924	471718.7936	8.898854962	143471.9177	45686.92038	62153.11429
C	C16	C162	C1629	79136.16724	38625.48677	107.4926471	237298.8789	8.779261156	19557.13545	36219.05588	45104.36317
C	C17	C170	C1701	17637266.79	5631996.792	253.6614786	4948664.283	45.67522936	6411771.263	36676.34682	57340.756
C	C17	C170	C1702	14785649.21	6656627.592	231.9423077	6040048.908	85.70539419	6829853.83	46037.23838	38315.39621
C	C17	C170	C1709	3698950.434	823539.3766	179.1949541	1409848.134	47.45043247	1082077.229	48293.65885	38975.93294
C	C18	C181	C1811	468945.6441	252974.7821	116.4766269	337985.4144	23.78526733	84816.78262	48101.38765	32118.56139
C	C18	C181	C1812	1181459.583	483603.4409	117.1390861	335063.6858	41.72102564	166216.9018	35505.30147	22451.41307
C	C18	C182	C1820	67896.56891	30765.14932	56.97752809	173153.8924	15.26575809	53150.09656	13668.98233	44979.94597
C	C19	C191	C1910	81.824	0			5.2	627.694		46649.72222
C	C19	C192	C1920	6383387.758	6064302.017	182.7826087	5043439.799	72.53100775	4932853.886	35301.81324	122214.854
C	C20	C201	C2011	2306779.516	1155476.551	155.0787037	1163948.522	82.90463918	1311974.639	64406.88678	57376.22207
C	C20	C201	C2012	137259.9376	123010.6961	119.1328671	230572.0978	14.27135678	104170.366	61916.88914	79606.43291
C	C20	C201	C2013	5122753.533	1881053.113	175.9703476	1272788.255	51.84355656	1809951.685	40032.47883	50872.89391
C	C20	C202	C2021	1533544.649	526113.594	179.9906542	608899.2966	51.06307692	753813.4093	56360.17981	72830.99078
C	C20	C202	C2022	7637293.173	2758141.918	226.9020979	2682900.108	146.045738	3025103.005	54939.53514	61369.42358
C	C20	C202	C2023	5370553.665	1630691.64	231.3870558	1687523.421	28.50519187	928837.8118	53091.94403	66256.59259
C	C20	C202	C2029	2383473.81	909406.1338	171.9191919	872945.9204	54.47082939	785423.3991	62680.77294	56303.55979
C	C20	C203	C2030	66541.97583	11370.47333	32.16666667	304380.1217	24.16666667	165088.1333		
C	C21	C210	C2100	8913189.726	1824712.77	299.1539225	1238671.918	81.87341772	3023986.715	59609.64071	98785.97409
C	C22	C221	C2211	5724580.706	1017356.42	276.8807947	2363838.494	30.16064982	2345207.631	102757.1494	51379.79254
C	C22	C221	C2219	426594.5868	240208.8634	121.5731707	341651.5485	44.63066777	154635.5634	49473.08567	46599.4355
C	C22	C222	C2220	7140146.497	1616242.126	179.9614784	1128484.531	48.47483112	1312030.583	32170.18967	54448.34984
C	C23	C231	C2310	616064.0829	258834.9425	148.1211632	589135.9412	17.01306605	150871.1665	56087.7658	34388.49951
C	C23	C239	C2391	173508.3878	122168.1069	102.4027778	700148.4696	8.10623946	61367.77644	33058.43063	39975.71085
C	C23	C239	C2392	2753052.194	866953.934	326.1434426	4066956.111	34.90070922	856000.5487	33230.0556	56684.00839
C	C23	C239	C2393	73477.36525	42555.09396	100.6393443	256755.1531	7.036057692	33417.48264	34832.97377	77787.95954
C	C23	C239	C2394	24333463.8	15725890.5	626.3384615	42911912.37	90.6978022	32960273.45	64226.04727	42369.00824
C	C23	C239	C2395	879730.387	493799.6747	153.6452599	1053094.358	16.10126763	254022.0607	44424.37876	40209.76584
C	C23	C239	C2396	63830.941	33602.98464	135.5986842	221768.1101	6.889031157	30645.50652	54070.76266	31482.01341
C	C23	C239	C2399	781406.5436	686299.798	161.9647059	880630.1241	22.8265896	593878.998	48809.10175	40226.45752
C	C24	C241	C2410	12356212.1	3946556.521	396.1910569	6655477.875	64.15594442	4417027.262	51667.52581	54199.38275
C	C24	C242	C2420	1213333.955	578257.5236	127.2529644	1046217.482	21.07615894	535715.7267	41525.10701	43868.09884
C	C24	C243	C2431	127588.8924	46454.84261	89.46268657	254512.519	27.69888476	129876.3968	37699.55137	54182.29835
C	C24	C243	C2432	35883.41921	449.6878947	27	15691.03	7.475609756	29390.65427	108367.2692	45402.77607
C	C25	C251	C2511	371108.6577	202204.3475	113.0187373	365181.1319	7.970655926	42687.76828	48638.04117	39100.42881
C	C25	C251	C2512	1495704.275	340282.8953	213.9135447	884971.4476	15.13187641	709236.5706	42637.72027	67985.04309
C	C25	C251	C2513	85795.13467	56928.98227	95.29230769	260548.8518	26.19369369	122613.6362	68216.50199	19975.5889
C	C25	C252	C2520	679857.8233	307898.614	215.2307692	2451528.575	8.991452991	286216.06	89757.75764	72834.67015
C	C25	C259	C2591	2587716.228	724497.4183	257.8944099	1142259.946	12.97635289	835234.7338	38361.422	28268.91487
C	C25	C259	C2592	321878.1252	48539.73724	120.5899814	152405.8773	8.228277112	29114.81474	35328.1114	51129.52086
C	C25	C259	C2593	180217.8425	35042.61174	110.6923077	401969.1982	19.16077899	42487.6197	44363.62008	41738.60444
C	C25	C259	C2599	1860888.428	165183.1702	149.0694444	885786.9196	27.58205128	435167.9353	55244.15331	44982.22081
C	C26	C261	C2610	20545.1486	21765.3332	53.76470588	437967.2871	11.20512821	67323.65872	100188.789	77115.84477
C	C26	C262	C2620	2101099.801	748214.91	321.3333333	2518748.685	572.9166667	2742292.858	152071.956	50876.77458
C	C26	C263	C2630	39236.14897	16001.12531	85.30412371	149059.0047	10.42123846	23246.7855	35672.05919	35866.99226
C	C26	C264	C2640	3001710.035	418181.7453	158.7868852	1049949.215	16.41155235	1338027.782	62005.78225	43104.31678
C	C26	C265	C2651	934628.4594	302040.441	110.6566524	384075.4099	22.5	319311.8844	48562.89473	30204.00514
C	C26	C265	C2652	6610.346765	181.6794118	51	37039.135	4.724137931	9523.051724		37980.07827
C	C26	C266	C2660	9439.946957	0			12.73913043	28904.04696		178646.2671
C	C26	C267	C2670	25494.71361	47729.30867	88.15789474	170030.6977	11.12633181	18225.33486	57980.07551	72178.22849
C	C27	C271	C2710	440302.2584	173328.5253	125.997351	311648.7507	10.65892906	74944.68734	42429.74149	37274.62947
C	C27	C272	C2720	1022468.653	405683.5016	301.1142857	2621085.764	71.41860465	1862756.198	5760.099079	29060.54903
C	C27	C273	C2731	4504600.751	152664.7497	99.32432432	514034.7627	42.34545455	4755967.658	8114.563116	28269.98184
C	C27	C273	C2732	8658858.016	536098.0042	709.4705882	5968535.576	203.6451613	12589035.71	51050.83611	186146.8894
C	C27	C273	C2733	7885470.028	493490.255	303.5897436	1683489.492	95.65714286	6077597.736	50308.78082	41873.71801
C	C27	C274	C2740	83582.34842	39097.04511	81.12709832	181201.9488	9.638829787	27516.16016	41910.74359	39447.00058
C	C27	C275	C2750	3918789.919	2454769.863	306.0973451	10873658.55	23.40680272	2473713.195	43270.43725	55129.08057
C	C27	C279	C2790	255266.585	66147.99792	160.5670103	549968.8961	26.82240437	192149.3048	44455.34172	52612.8533
C	C28	C281	C2811	115690.6798	68017.32066	124.6894737	201074.6303	19.21914238	42611.99938	38437.00115	44437.70737
C	C28	C281	C2812	99515.47035	71967.27949	141.1483871	413553.4362	19.04813218	143803.4567	54185.29076	41007.20888
C	C28	C281	C2813	3038225.447	1135605.04	348.1621622	2471900.06	85.66134185	1376827.667	59808.93644	59174.09322
C	C28	C281	C2814	38099.09227	11793.51273	120.1351351	182105.9797	16.52857143	69562.50186	71971.85267	29342.01706
C	C28	C281	C2815	468922.1958	189371.3629	206.5972222	577097.0795	16.48745911	299392.71	46842.02776	42644.44188
C	C28	C281	C2816	485401.478	327195.2082	213.7115385	1260194.528	15.37556561	190258.9579	49347.54632	45021.72952
C	C28	C281	C2817	10790.926	1407.2455	38.625	41853.36	9.5625	13252.41281	1847.280138	71747.78649
C	C28	C281	C2818	75862.4463	303732.7893	190.0611111	1808742.284	19.45959596	388919.052	67437.23265	36587.6921
C	C28	C281	C2819	683515.2711	204202.6583	148.3123487	386147.6743	14.62140673	117433.1896	42213.14732	51431.24661
C	C28	C282	C2821	141930.3095	61801.17146	98.36388889	202669.0816	12.62013473	58829.7851	57623.34822	43764.34334
C	C28	C282	C2822	58821.14988	16611.13346	96.35555556	98417.28622	25.83233533	117444.1832	27340.41896	43908.08812
C	C28	C282	C2823	40553.3191	3030.206026	73.24	45190.864	10.92366412	31376.96405	27180.49479	24942.07325
C	C28	C282	C2824	212573.7005	44226.8747	147.2633745	267951.8221	15.72552167	93503.30491	70445.22866	60161.01895
C	C28	C282	C2825	140667.0168	65779.18433	124.6637931	161528.9511	9.93220339	74229.10612	52519.98664	35002.09258
C	C28	C282	C2826	30462.91808	55023.2046	63.56666667	180893.5466	7.858303249	17215.29417	36297.32646	21652.538
C	C28	C282	C2829	884923.4904	58904.68045	131.5868263	173294.0796	20.67897727	150796.1594	21233.02246	44081.32449
C	C29	C291	C2910	26269626.5	2593742.469	335.245098	25798010.72	53.57407407	49994086.89	53594.82132	54818.00588
C	C29	C292	C2920	313151.4674	357092.3632	176.6652542	799890.2411	17.50764779	121654.7001	37517.86163	47905.02994
C	C29	C293	C2930	408973.7033	304493.6803	207.7990196	1016457.31	37.92578548	535469.3314	47829.1278	42545.92918
C	C30	C301	C3011	929203.9902	178810.5008	99.78554779	411333.798	5.889345794	162607.3641	13161.09316	48841.23185
C	C30	C301	C3012	34854.7535	31910.08427	46.98305085	126270.3592	7.651452282	26299.05923	34514.97445	85630.01224
C	C30	C302	C3020	501414.3072	248096.8399	266.8988764	731721.2163	19.79059829	646337.0374	84087.18728	38849.77451
C	C30	C303	C3030	133691.1633	47558.67406	114.5232558	213380.1021	8.104972376	148742.1323	60822.9446	80531.69204
C	C30	C304	C3040	124496.58	20940.52	270	158211.975	15.45454545	125925.5545	52394.66078	89195.77934
C	C30	C309	C3091	3036581.837	584054.1856	274.3924051	1003069.225	58.78571429	3402379.989	25392.84773	56165.39773
C	C30	C309	C3092	205928.286	48049.00667	102.64	273943.5432	26.05633803	155700.2293	11065.9251	100348.2832
C	C30	C309	C3099	9587.477143	0			5.25	10147.745		100667.6865
C	C31	C310	C3100	744442.1978	437133.7096	137.071938	468048.0768	7.992894737	50196.25611	42132.69026	41697.7996
C	C32	C321	C3211	83851.67915	47540.32435	79.87401575	170875.6966	11.69927682	16180.39155	43220.62924	77457.7327
C	C32	C321	C3212	9032.806618	7919.988922	72.23529412	65313.48382	6.241059603	5550.29155	70996.16555	80826.95266
C	C32	C322	C3220	21950.61075	9420.438571	87.25	131821.8175	7.0651341	8861.626858	57517.50742	35969.00683
C	C32	C323	C3230	56281.75325	17972.92987	114.4468085	105941.8357	13.7496063	23927.54035	98084.61353	67891.98611
C	C32	C324	C3240	122536.7888	80513.2292	120.8314607	268501.9008	8.176194205	49174.11049	49314.24667	44004.20474
C	C32	C325	C3250	448574.3709	125742.5455	138.7413793	331855.4684	11.439953	68965.98999	33467.65373	45846.28435
C	C32	C329	C3290	483349.7007	289738.2142	96.95652174	745465.3465	18.4789489	85452.98658	50329.49505	65519.77793
C	C33	C331	C3311	112563.2227	39994.26609	183.3787879	540774.4191	10.33864119	46908.40378	35026.88094	57104.11148
C	C33	C331	C3312	532296.1653	196541.6865	132.0638021	245042.3758	13.87230634	82753.6908	39886.42859	51860.46884
C	C33	C331	C3313	75493.70758	24419.17046	107.8461538	176771.7382	9.993150685	66056.01201	12521.2485	60670.71568
C	C33	C331	C3314	61286.00567	21370.22677	121.8421053	207081.2702	9.116756229	33605.32962	51544.27695	45566.75897
C	C33	C331	C3315	67202.62667	30257.98208	67.61538462	121348.5208	6.996062992	44596.98984	38325.1264	41093.86183
C	C33	C331	C3319	4066.19125	0			3.931034483	4437.394138		28120.20029
C	C33	C332	C3320	24054.88497	3021.277891	38.3125	48947.50375	5.734042553	20484.68443	28056.01817	48555.15889
D	D35	D351	D3510	24518115.74	38821885.05	248.9744409	21753595.37	425.4493609	13952097.29	39596.69292	89406.01278
D	D35	D352	D3520	117185.6063	1207226.875	161.03125	3528634.527	115.407767	145171.0303	73303.71715	93175.98952
D	D35	D353	D3530	578380.8564	603406.7221	93.16666667	1672626.891	8.041666667	420486.1735	198255.0179	29422.96333
E	E36	E360	E3600	371036.0926	1164830.461	87.73991655	2661282.461	157.3099415	1168809.007	21046.82663	56949.51643
E	E37	E370	E3700	155496.9846	105219.4893	98.21081081	235826.3921	11.5709607	169913.9828	25904.87605	53689.91411
E	E38	E381	E3811	141072.5674	246374.1054	108.4688222	807742.8803	10.09425287	311640.6085	25314.62021	33407.03441
E	E38	E381	E3812	9558.74	0	1	60	3.636363636	5939.608182		3318.2
E	E38	E382	E3821	9341.987576	5374.800909	53.88888889	76638.17222	3.980392157	42139.73843	2399.375	74398.49691
E	E38	E383	E3830	576451.0843	339548.8174	135.8266129	919438.2628	16.04936015	361467.5521	31524.92978	76983.08484
E	E39	E390	E3900	400601.3264	28019.88636	40.72727273	73791.84364	11.80952381	558979.1667	6615.782062	125268.0029
F	F41	F410	F4100	1991169.85	2215532.178	93.77297905	1597086.239	3.176638647	137223.2905	40277.95222	42931.85819
F	F42	F421	F4210	3824558.109	2259945.868	115.9699833	1348264.165	13.32642159	989253.1198	36046.04336	62029.17206
F	F42	F422	F4220	1644896.122	1085369.719	93.05448155	902397.9108	7.929051286	745342.1315	63210.94492	72829.91714
F	F42	F429	F4290	149162.6555	255776.5708	119.3265896	618038.6274	7.042240588	253733.7023	77738.61362	45640.73858
F	F43	F431	F4311	43000.172	15780.7344	119.0714286	325498.5907	5.113402062	109119.9786	6603.681827	66798.71435
F	F43	F431	F4312	197347.0968	133750.0883	112.6091644	418479.0299	3.428998912	78640.62569	33313.83387	60778.98689
F	F43	F432	F4321	825301.237	507674.3046	128.4683849	346236.4085	11.17767556	81535.31871	47408.00934	43735.33674
F	F43	F432	F4322	178882.0073	49535.92338	132.0846395	167918.5622	7.506172042	27598.03854	41892.9368	41291.78542
F	F43	F432	F4329	44336.5083	28172.75497	90.73333333	142303.9729	6.905349794	35517.72833	36955.47557	61915.36624
F	F43	F433	F4330	162898.1529	29990.83309	99.05454545	123316.3278	3.840431765	20185.08179	49780.46611	30474.19711
F	F43	F439	F4390	317380.7081	147286.4788	97.85973282	199259.0326	8.120189504	151777.7433	59621.09245	56328.21578
G	G45	G451	G4510	28483761.96	22769897.54	250.9648373	8339691.686	136.605395	4798862.916	44143.17526	75427.48221
G	G45	G452	G4520	559247.8806	1050709.564	111.1638246	471263.1286	16.01930855	28331.47876	57075.75086	45356.35019
G	G45	G453	G4530	2566434.235	3182897.579	108.7836955	510921.5435	51.74725228	159499.7915	79718.52814	49514.18653
G	G45	G454	G4540	201448.4582	256100.0387	92.73790103	360635.3347	17.08485075	37388.03923	111934.4109	58223.56523
G	G46	G461	G4610	563675.8406	364144.7433	52.76986634	329137.8674	2.576972492	10582.41756	54255.96451	149828.7882
G	G46	G462	G4620	3114624.074	2710550.994	95.91260285	1041492.434	11.84939744	233673.9417	52217.69238	71647.75459
G	G46	G463	G4630	6575478.534	10810734.02	94.44060595	1791029.647	13.34614471	295245.5872	60217.36061	62250.53378
G	G46	G464	G4641	1778004.221	2426296.997	81.42187592	527385.6063	15.09132099	63515.16511	66603.43418	63397.91227
G	G46	G464	G4649	10665006.11	6930593.349	128.2380476	1204558.542	43.65116794	496027.8543	65031.62809	59048.08784
G	G46	G465	G4651	2292990.913	949778.4696	87.6451913	441937.7387	47.09417363	292246.9327	46638.03986	43450.78562
G	G46	G465	G4652	2483476.858	2275149.831	94.02471132	1102213.256	32.97700073	532594.279	43492.03077	62176.81404
G	G46	G465	G4653	2205209.828	594138.653	139.4895833	503687.4476	54.97924264	703221.2776	57936.99269	63001.54092
G	G46	G465	G4659	4983929.758	1655923.526	124.289771	331702.8447	45.18016019	377292.968	46034.40073	56886.10874
G	G46	G466	G4661	20681794.24	9782841.503	136.0501756	12712845.71	258.2739767	11530555.32	53623.23418	65460.10124
G	G46	G466	G4662	2475872.485	2417999.197	121.9578393	1288293.22	77.45511482	1025470.858	58972.02026	58160.85256
G	G46	G466	G4663	5321142.274	5092471.251	118.015721	1028200.68	61.78351317	425039.9865	65951.4708	52279.81204
G	G46	G466	G4669	4022424.306	1902479.089	105.8236595	583901.0358	20.90435382	308087.2254	72952.87152	57203.3828
G	G46	G469	G4690	2720780516	12131876.59	113.437187	1626914.354	37.86766691	305662.3812	58371.49868	65473.87433
G	G47	G471	G4711	384344.7847	3310934.983	70.2856492	1287782.198	9.446187255	41334.04603	93627.32098	61914.01303
G	G47	G471	G4719	428058.1523	2235429.905	110.8060313	1742719.026	14.01526139	27690.98583	63658.70958	49248.90118
G	G47	G472	G4721	1346749.923	1736991.588	61.64311122	749505.4189	6.644779716	41817.56007	56997.23408	53677.57432
G	G47	G472	G4722	65550.79039	281934.5679	37.44467005	449316.2061	8.243510599	10149.48901	75545.27066	63075.32079
G	G47	G472	G4723	23744.53758	242107.0512	68	1425892.498	7.245283019	24824.32453	59376.62007	71943.23847
G	G47	G473	G4730	6411809.497	4799822.278	95.01629992	2981987.757	259.5630215	1401200.437	73600.68988	57408.652
G	G47	G474	G4741	1135132.971	944352.5658	96.78412698	333508.9122	28.60455066	101732.2687	62169.61831	46251.17078
G	G47	G474	G4742	173039.9917	460182.1742	74.73228346	543800.2391	21.0829349	47320.29232	109451.8832	64702.19782
G	G47	G475	G4751	101725.2055	425245.915	65.44720497	316847.3573	22.5415677	27988.12189	84414.72166	37617.03055
G	G47	G475	G4752	984403.7686	2675901.424	80.88649628	498568.495	41.40115319	85623.10594	90311.97677	37992.2611
G	G47	G475	G4753	171553.2493	206702.4108	96.36678832	259215.7233	21.05052512	39767.24729	55613.41015	33926.27966
G	G47	G475	G4759	532927.0409	2049095.217	78.40922364	479647.588	19.5956747	82839.93707	110782.4956	50053.88574
G	G47	G476	G4761	690876.3914	166678.2811	80.6522651	693969.1306	18.88964873	43876.39435	68995.27869	43816.95119
G	G47	G476	G4762	12676.5427	3871.952973	49.3	38534.29	6.739130435	18377.34565	30949.82756	76421.84526
G	G47	G476	G4763	54738.74046	100932.995	68.38940092	243670.0706	24.05832486	22451.37461	93878.77845	51062.95961
G	G47	G476	G4764	17688.55718	45510.82126	92.26126126	188155.2486	19.85603865	16924.31678	66995.74262	47809.19216
G	G47	G477	G4771	167791.9448	856344.5694	71.76900816	381230.2116	7.304017035	8937.299439	92226.83491	59346.02089
G	G47	G477	G4772	476433.3513	4424008.502	63.51298512	862717.9945	16.99567883	35124.48391	88522.61345	72689.52643
G	G47	G477	G4773	347044.3859	544752.6146	63.23015585	259234.9925	7.080408141	15577.74204	74161.08893	46983.10036
G	G47	G477	G4774	66016.81107	15091.65761	54.21495327	66955.29682	7.223568282	25432.74758	54826.20664	62021.58352
G	G47	G478	G4781	122175.9207	356273.138	189.3	1142484.244	14.32268371	103375.2242	68325.00339	60020.60213
G	G47	G478	G4782	90996.88675	87495.39152	80.46332046	286009.0541	11.59418838	24048.82797	64463.60695	76375.37237
G	G47	G478	G4789	3053.747037	102940.1643	63.47619048	295124.8714	5.466019417	7070.922816	214898.5615	61889.29956
G	G47	G479	G4791	15547.30408	6304.552032	91.49425287	233641.6492	3.375902277	10137.84055	46753.4823	142765.3173
G	G47	G479	G4799	205809.5347	291431.4927	81.34501992	502081.8648	4.988172613	14440.87999	77170.11985	147588.8294
H	H49	H491	H4911	58150.56044	311522.5834	152.1818182	2129555.154	3.981042654	94132.49384	82425.38181	63605.82174
H	H49	H491	H4912	9977.562115	1700.358654	52.75	37425.69	3.924528302	33272.48708	14172.37382	54187.55319
H	H49	H492	H4921	538021.3817	612828.9847	73.45433825	489964.9063	13.09893152	61508.7497	44083.48971	51102.1754
H	H49	H492	H4922	262341.7274	122220.3096	35.91780284	89222.44202	3.203449799	11003.24071	23048.90618	58848.52368
H	H49	H492	H4923	2261149.899	2117378.66	80.1609014	384478.8951	8.773026087	57432.23783	63456.65192	62188.33184
H	H49	H493	H4930	47385.16581	1397518.292	256.1555556	12534847.82	8.908496732	15013170.45	71443.40546	19307.62354
H	H50	H501	H5011	82406.53235	22671.63633	51.92105263	259145.9524	8.746031746	58299.49815	5854.535037	83836.71822
H	H50	H501	H5012	4349547.909	2698275.045	138.8421053	2224972.379	44.49278846	1574952.378	26869.96741	77368.78692
H	H50	H502	H5021	133624.6746	155862.7527	117.3114754	378197.2284	6.635273212	30381.70282	39622.70023	116587.4741
H	H50	H502	H5022	195065.2507	1475136.912	105.5438596	3366596.725	11.94214079	68089.85783	8536.085847	86585.56109
H	H51	H511	H5110	8486998.507	12106747.95	225.0873984	9305923.041	395.1300366	3873433.321	109029.9871	64952.12581
H	H51	H512	H5120	2807425.714	2642961.534	116.8731707	3283847.086	68.31600547	1320441.787	53078.36349	50654.38737
H	H52	H521	H5210	7300393.866	1706015.18	140.1839572	8066385.04	78.42703091	2683607.41	48676.06105	74746.04647
H	H52	H522	H5221	684747.6296	365547.3831	69.95316199	324161.4004	6.694272413	47856.55994	30580.48201	79322.72715
H	H52	H522	H5222	1159144.276	447273.0502	156.6534091	1320948.368	26.73208072	223391.1133	40000.33595	34983.91045
H	H52	H522	H5223	331004.8863	245162.5832	114.3277311	344965.2053	22.83229814	573358.7815	81806.17539	74118.41566
H	H52	H522	H5224	1570767.754	521913.1202	113.183844	1095973.874	33.26613232	299629.2853	24359.87743	72738.92669
H	H52	H522	H5229	1333042.617	648258.1092	101.7173309	479672.0062	16.92849586	137559.3726	34622.67707	70622.9415
H	H53	H531	H5310	436714.384	284569.3262	143.1247357	551027.5799	58.95898964	118326.1407	56418.23957	159400.8396
H	H53	H532	H5320	271984.8656	81788.7604	85.91058394	241321.4378	27.46983011	76795.15368	54518.61001	155429.9416
I	I55	I551	I5510	380871.833	315908.2039	140.7237447	254331.373	36.53734133	41135.34769	57211.45796	170865.6113
I	I55	I552	I5520	19609.55189	15309.90142	81.60204082	101094.4673	6.72519084	9521.02093	42203.50185	61101.22718
I	I55	I559	I5590	17558.96647	785.4858824	108.75	27660.98	1.550458716	3012.977248	66913.1875	2214.373737
I	I56	I561	I5610	457128.4996	1151259.416	103.5332602	493096.1555	25.04040603	10413.30088	45977.52153	87838.1906
I	I56	I562	I5621	294963.4935	177196.7789	126.7186761	567401.7716	9.974678246	67111.55098	39621.13351	61928.93109
I	I56	I562	I5629	73035.32799	39345.51508	100.1212121	383344.235	7.473097431	47417.82238	54418.12926	61003.13189
I	I56	I563	I5630	186569.1426	142010.0936	87.0489228	280966.6055	7.245552829	23043.61552	41343.065	69722.90093
J	J58	J581	J5811	413785.0169	239392.8459	134.1	3290825.248	26.57863145	116723.9921	31781.85592	49829.69699
J	J58	J581	J5812	29396.23429	0			20.75	44910.7225		40508.03609
J	J58	J581	J5813	626132.8	388189.7743	147.892041	612284.1766	34.2660272	138972.0543	37853.12514	55741.2966
J	J58	J581	J5819	11424.2708	1001.212517	33.62857143	110855.014	7.314442413	13774.24458	50621.09046	43451.90017
J	J58	J582	J5820	53722.34198	5121.098021	36.15909091	57651.63227	11.81543624	42244.12436	30840.02833	76709.07759
J	J59	J591	J5911	127381.8787	52766.79652	114.9272031	130573.3226	5.400115696	49139.59884	46292.60505	38944.33473
J	J59	J591	J5912	14096.3351	218.565	30.8	16575.58	14.76666667	19466.66133		68177.32362
J	J59	J591	J5913	464500.6619	31697.74854	66.5	290520.0797	5.941780822	312128.5429	37766.80969	73794.27401
J	J59	J591	J5914	325606.7919	2093122.681	219.9404762	3737628.462	166.2076923	382442.6983	86339.71912	23551.5696
J	J59	J592	J5920	18390.49482	1590.746712	46.49382716	53142.84148	5.207253886	12507.81091	35058.90624	41107.47695
J	J60	J601	J6010	693755.4986	524398.9395	140.2932455	672577.3647	25.48300355	334207.2254	59248.29593	72048.01252
J	J60	J602	J6020	1142317.661	436209.7299	207.9456522	1207450.373	9.297780722	352740.2775	48971.77865	65458.44648
J	J61	J611	J6110	3822521.398	1437001.242	168.1761658	4874807.023	314.3099174	3778201.781	69000.81931	60168.66237
J	J61	J612	J6120	4930307.975	2952910.685	114.5044199	4221527.447	107.367872	3038534.613	53275.86257	87227.60117
J	J61	J613	J6130	1022609.186	482035.9681	106.692029	906175.3621	104.6218852	894068.6451	51608.38552	51409.56089
J	J61	J619	J6190	165274.3962	116346.824	99.49859944	511496.0197	8.951216777	75674.4985	34258.78681	57211.67256
J	J62	J620	J6201	562919.1483	158842.0491	62.48857077	112374.2882	9.974332248	102267.0828	35132.47123	38723.78763
J	J62	J620	J6202	121513.8489	59088.91375	63.33705357	154003.0346	9.096587927	72378.28089	49458.49239	34455.79266
J	J62	J620	J6209	446990.6859	711592.9493	72.34601665	697064.6219	24.45063565	107683.1164	32472.47506	48964.2787
J	J63	J631	J6311	236060.729	95015.18515	71.31954887	382960.6066	9.199983223	33396.58138	32185.19949	75496.87048
J	J63	J631	J6312	127644.7045	6820.984483	148.875	185608.8667	46.16216216	150367.9663	52170.70414	63098.11919
J	J63	J639	J6391	50408.27854	12415.04532	59	477782.2367	5.166819712	18104.65139	63810.73768	49829.00178
J	J63	J639	J6399	20402.99344	1216.548767	58.26470588	243891.2426	6.908460472	10473.94511	61505.70903	50324.02024
K	K64	K641	K6411	10254.52409	55891.59136	79.58823529	221874.4047	2.914285714	48718.32457	4122.994954	47339.69457
K	K64	K641	K6419	1979622.455	6991707.334	155.8743938	4157198.737	79.40553861	1950452.855	32715.89346	80281.87147
K	K64	K642	K6420	343834.7659	423409.0816	43.59032258	271023.2463	4.826298701	256523.8426	40973.68874	59576.26524
K	K64	K643	K6430	1127798.079	2992915.601	20.42063492	532022.5613	13.15113636	368510.2267	15629.12733	77136.20652
K	K64	K649	K6491	5181.115714	141.2942857	24.66666667	9080.961667	1.9375	5570.528125		30219.33333
K	K64	K649	K6492	495.2457143	11224.28571	28	54306.99	1.181818182	8846.914545	9672.4375	119275.0714
K	K64	K649	K6499	1446837.332	1189276.255	59.06262545	940057.6176	52.54139715	744409.6214	13254.0857	58591.42509
K	K65	K651	K6511	26316483.45	9274700.903	198.3104041	2539992.906	189.0621658	4029170.102	60923.84642	80788.52424
K	K65	K651	K6512	25166170.41	78134371332	214.8826291	2713820.18	262.4082126	5204399.902	51756.22819	79752.84969
K	K65	K652	K6520	2300.613571	25683.98286	75.76923077	51341.96	6.357142857	131100.0129	1066.975	256815.1333
K	K65	K653	K6530	209081.4921	2266606.874	78.49704142	1251597.19	2.414634146	166700.9482	58862.0458	10102.67715
K	K66	K661	K6611	1227399.275	1401140.094	21.40849795	298874.9542	16.11293942	374906.4433	28052.07798	50441.77175
K	K66	K661	K6612	60061.97585	56130.47698	34.66981132	99115.99491	6.402061856	45460.18629	28487.46547	33717.30343
K	K66	K661	K6619	4474668.294	320695.9848	53.8105548	243429.1375	25.75	720771.133	24525.36528	38332.9271
K	K66	K662	K6621	209329.6611	142663.3105	94.11455108	346943.5945	16.66726404	114248.7081	37387.12149	77252.80844
K	K66	K662	K6622	1065075.174	259115.0591	82.64932976	182939.915	8.988989209	217628.739	33590.13911	122072.0016
K	K66	K662	K6629	11877.37733	9230.283333	10.66666667	26780.67333	5	54659.73375		0
K	K66	K663	K6630	2384527.455	3063293.683	29.10182868	475370.3597	14.58592042	463657.9313	27869.19489	62793.94539
L	L68	L681	L6810	919007.833	1897153.006	35.86306002	286066.0538	7.397997245	139712.3183	15473.3891	54206.65359
L	L68	L682	L6820	1561214.757	2665794.816	59.46810875	528063.242	7.63370299	51288.5884	40117.54985	67677.02973
M	M69	M691	M6910	480869.8758	97842.67099	64.28294652	150025.1104	9.265641866	30837.87835	31321.0366	52239.28663
M	M69	M692	M6920	498764.2639	131528.4504	56.7956446	292223.6097	5.285081068	16796.66942	40172.05342	28501.90417
M	M70	M701	M7010	800200.6614	487995.1454	93.20829465	707748.5595	11.85814011	131825.1887	56916.36147	24518.22248
M	M70	M702	M7020	1690133.792	841945.2593	67.5243729	212323.5752	7.089376994	83821.79654	37036.23311	45072.94626
M	M71	M711	M7110	4475274.33	3501850.972	105.0439529	481702.3443	5.166726124	146118.0237	63561.0325	50242.47503
M	M71	M712	M7120	576483.3217	327078.914	169.9009288	421261.2118	55.24570447	466595.3696	71893.88079	72994.83913
M	M72	M721	M7210	126268.9947	141899.7005	87.67697907	243344.1033	7.533167278	31917.43471	43009.88632	52118.60868
M	M72	M722	M7220	72885.25656	190057.6308	74.22181818	244550.2017	3.502798507	16325.21948	62060.99962	30808.98581
M	M73	M731	M7310	1447422.421	1096039.015	114.791746	603527.8627	11.89276223	124117.6672	36073.52072	66006.30715
M	M73	M732	M7320	144311.0873	41992.8933	140.4985163	241901.2901	1.922284935	20254.4244	43084.03666	214313.5306
M	M74	M741	M7410	153886.9901	82033.41304	102.6676385	165484.0849	6.987254381	31648.30469	36327.50038	35309.02641
M	M74	M742	M7420	27119.35185	15631.82226	57.38066465	87549.77109	9.072933999	9050.316088	61511.7625	44719.08059
M	M74	M749	M7490	760211.9875	290501.7379	77.92485838	209530.3943	3.557046795	16915.37047	57038.97356	54730.27745
M	M75	M750	M7500	57458.1707	76186.01813	77.74766355	165758.0612	7.499687461	12923.85759	72516.44431	39488.10542
N	N77	N771	N7710	209771.9213	151778.6255	78.84123563	434445.1697	4.268473536	26935.86293	46759.06816	90883.46383
N	N77	N772	N7721	14621.12992	14902.92824	52.25882353	76755.42035	4.564444444	11526.54604	26481.36404	58348.56254
N	N77	N772	N7722	10062.25311	9320.87608	80.1	326135.483	5.333102133	6817.783983	98042.15876	39234.45541
N	N77	N772	N7729	53256.79835	14739.83955	104.2346491	88456.14851	9.808583247	129506.9989	40281.48637	36845.55144
N	N77	N773	N7730	377217.9404	1057049.661	89.78704612	823012.7501	7.735827002	24035.74043	60750.84189	61212.69829
N	N77	N774	N7740	21442.19625	12204.12875	110.3846154	44252.90923	7.104166667	41542.93	82930.89777	3433.234689
N	N78	N781	N7810	2099245.16	270114.8931	47.12305374	85738.40873	14.17388219	425384.2575	26340.93568	49663.18828
N	N78	N782	N7820	243068.7491	1225231.119	100.2941176	3278045.299	3.694444444	81600.76308	34507.24027	74492.61162
N	N78	N783	N7830	149083.4867	135366.1124	62.41176471	183417.8665	85.71875	134920.5559	58430.55078	25663.08627
N	N79	N791	N7911	1489618.998	2521775.843	80.12289355	355008.0346	31.74510153	280630.8507	48006.60446	78600.92887
N	N79	N791	N7912	214522.6413	460093.956	149.1987578	1053120.184	35.59090909	259905.3651	30124.8171	68026.62563
N	N79	N799	N7990	135600.2701	266329.7917	269.4782609	1192977.432	57.41546961	176875.4854	86710.32927	63258.62829
N	N80	N801	N8010	2708360.836	377697.0233	146.4465853	229377.1814	21.48283849	475207.7278	47236.53991	54362.05928
N	N80	N802	N8020	32189.49154	78886.78878	154.825	281173.458	16.65732087	26832.8291	22183.592	54579.20346
N	N80	N803	N8030	9931.08825	50129.676	73.93548387	385201.4897	6.895348837	14731.62988	92089.61085	44976.32483
N	N81	N811	N8110	28906.63382	14240.50321	68.14814815	142297.3989	3.61746988	20218.05928	48459.23046	74415.48246
N	N81	N812	N8121	31481.64259	3661.227493	67.98461538	53919.75046	3.423776224	16745.28403	33784.41891	65738.49612
N	N81	N812	N8129	243203.5199	90847.27558	91.4710955	163104.2845	5.223672398	58220.04472	30915.43369	59075.12462
N	N81	N813	N8130	5382.757864	41.88640777	4.8	8010.696	3.470588235	8663.427219	0	58078.83495
N	N82	N821	N8211	73835.75505	70816.64859	74.48623853	483887.0366	3.563734664	13916.50845	42050.63472	84647.75649
N	N82	N821	N8219	149015.9746	96521.72903	108.8961187	1631824.244	15.96644433	31789.3958	44498.01652	52943.77507
N	N82	N822	N8220	1037716.387	272744.2766	153.3125	908046.6627	9.297297297	899776.701	49172.39255	120829.6659
N	N82	N823	N8230	83099.67233	72883.93852	98.85992218	213337.2298	8.596235195	30729.38352	28914.7151	61773.80132
N	N82	N829	N8291	131342.7305	90003.19956	71.92611684	266928.9871	7.729552469	121194.4846	46787.72287	70793.19476
N	N82	N829	N8292	169469.5523	558321.6624	129.330855	1018272.259	13.8785489	176461.3107	31076.70281	26556.19966
N	N82	N829	N8299	14872.15844	54.05090909	7.818181818	6975.769091	1.59009009	7369.099775	0	24450.12737
O	O84	O841	O8411	495503.9998	4873852.376	135.7098695	3583993.61	23.97270509	514972.0254	43177.22829	37576.16179
O	O84	O841	O8412	95101.53114	710296.8884	70.88585111	467577.8761	16.39318856	85318.67698	35513.22806	41094.65759
O	O84	O841	O8413	243652.9546	2848731.864	77.66507768	1528971.906	24.06839056	160158.1663	38273.05241	77486.22281
O	O84	O842	O8421	20217.86797	634561.8629	171.6165414	835153.3438	6.015479876	180082.1274	82901.9079	20568.20068
O	O84	O842	O8422	305519.2488	2062520.25	187.4668118	2630556.186	32.14769976	623624.2428	71473.34964	122445.5385
O	O84	O842	O8423	25942.32781	419894.9655	82.89163288	745771.6089	17.00584795	287100.8326	44592.61854	96567.79467
O	O84	O843	O8430	13026933.59	5198558.537	93.2392638	4064187.216	11.40748899	8971096.005	34766.98339	56938.7337
P	P85	P851	P8510	35579.34155	98694.59744	85.39698669	157778.7856	2.217699375	6808.717015	23573.75825	36534.38765
P	P85	P852	P8521	14970.15861	150223.6697	49.33140562	216930.2448	1.879088504	35446.64409	25014.43	36087.89372
P	P85	P852	P8522	13415.07129	39011.3338	63.2955924	79651.70419	2.272039395	6994.311638	26423.84261	56147.19595
P	P85	P853	P8530	233168.8536	825540.4456	365.363472	1903818.784	2.707227628	8462.558264	43493.53679	34867.87741
P	P85	P854	P8541	9591.071783	361.6302448	56.07692308	26026.31769	3.262096774	7096.026315	9390.160714	49936.85423
P	P85	P854	P8542	7152.321353	377.2462671	58.26315789	39620.38737	2.511014583	4488.792491	26578.06974	42047.752
P	P85	P854	P8549	135762.5911	143953.5658	83.43020882	133389.036	4.229983149	10850.15031	29881.30406	49930.98337
P	P85	P855	P8550	3159.731029	198.0598529	13.5	7564.93	3.867158672	2034.821845	145955.6667	77388.56941
Q	Q86	Q861	Q8610	530313.9088	1606248.215	142.2489006	1289915.889	16.68324607	301654.4674	34084.60943	88974.9999
Q	Q86	Q862	Q8620	751296.0391	1552387.695	146.4450716	1078128.953	5.767817528	44130.94175	40695.90941	76098.19633
Q	Q86	Q869	Q8690	179370.5662	197677.4436	99.85672192	344261.0928	5.042995809	22979.97403	35349.36178	59539.81071
Q	Q87	Q871	Q8710	25477.82505	291734.9559	113.8333333	422792.8985	8.912	34197.85568	40824.57038	99989.48103
Q	Q87	Q872	Q8720	266511.094	4380440.098	81.39233279	4235464.269	10.39788732	114009.7881	29263.49695	54937.08737
Q	Q87	Q873	Q8730	17324.44677	68560.6115	61.24677003	84546.22189	5.899641577	19450.62677	22951.86523	54147.9721
Q	Q87	Q879	Q8790	75294.66248	473030.2882	91.79603476	253261.1914	12.29523165	71299.83853	31705.80604	51549.50762
Q	Q88	Q881	Q8810	39425.21568	92840.20602	72.14818182	112333.3289	7.574545455	38588.8946	40326.06078	44681.29983
Q	Q88	Q889	Q8890	449070.9674	489176.2538	75.54613326	309343.1958	7.983412322	204461.0509	32095.81558	64483.66381
R	R90	R900	R9000	87044.59666	15164.58029	76.62196862	109739.5592	3.903436135	8580.005212	47782.36627	51134.78924
R	R91	R910	R9101	31732.73298	58453.71525	99.0678733	745241.8462	16.79820628	91127.05926	48076.34268	50337.90752
R	R91	R910	R9102	9109.176311	12675.41699	87.76363636	79973.062	13.44343891	21315.41294	20106.43143	89202.97947
R	R91	R910	R9103	10269.42699	10802.42135	54.125	31747.08225	6.835680751	20253.79577	60536.85048	60752.58818
R	R92	R920	R9200	16907.5836	85633.13	109.0803213	287212.0265	7.311041991	19563.33844	41572.36468	64246.70981
R	R93	R931	R9311	203776.1154	170030.495	87.99271992	634164.2706	9.393358105	49595.90909	31474.14598	53752.71539
R	R93	R931	R9312	99748.5665	57515.11845	136.6694915	344509.6154	23.74576271	202296.7144	27207.96011	32655.21816
R	R93	R931	R9319	42191.81752	16013.86783	74.66878981	218319.7775	2.005719773	7282.282095	39347.19869	38067.39659
R	R93	R932	R9321	20720.0811	33668.52519	101.6666667	169824.4059	7.831770223	14715.73778	43810.47216	66446.59242
R	R93	R932	R9329	23738.70665	26490.53433	87.6481069	213210.8372	6.467591634	14874.08261	48398.4032	59930.10702
S	S94	S941	S9411	142938.8626	216919.2003	47.82165605	117007.3967	62.5616254	109738.1805	28718.26836	45219.42656
S	S94	S941	S9412	183434.0945	164350.8384	63.5734767	209523.6591	9.94790487	154599.979	25884.82428	55312.86834
S	S94	S942	S9420	811573.9487	474200.3871	32.8260274	104953.6569	18.65508685	189210.062	25388.73456	58577.39416
S	S94	S949	S9491	73068.26621	1315645.983	93.33901943	359142.2853	9.388753482	31530.99719	35891.52432	37368.20806
S	S94	S949	S9492	7127.824512	42324.82854	34.76785714	94756.02741	2.515384615	14030.24	47023.75879	52497.14341
S	S94	S949	S9499	100423.3311	213240.3081	37.49840807	95594.4727	16.27578079	70179.95257	30013.64748	60859.41106
S	S95	S951	S9511	154624.1588	112306.3084	77.12511013	225744.1715	9.797811436	21832.77793	46841.12873	39350.03026
S	S95	S951	S9512	24150.461	61047.42668	87.51851852	612524.2481	8.791955617	15361.89967	61842.56812	56794.01725
S	S95	S952	S9521	10008.24077	1572.252877	42.42857143	68182.1	10.3900325	6043.384496	48289.68192	38450.83498
S	S95	S952	S9522	35702.70159	21533.35923	111.6178344	168739.9219	12.17529024	10294.20265	67592.53624	39064.93901
S	S95	S952	S9523	10808.04847	7924.134188	114.6833333	159367.4963	7.272914521	6185.269949	55631.36	37252.08509
S	S95	S952	S9524	13989.38308	99.53008333	107.75	159568.7625	7.257668712	15233.79877	39985.59671	45151.58159
S	S95	S952	S9529	4678.419232	5792.133989	51.32307692	160361.8574	6.572046438	2462.075607	98922.63107	32989.81919
S	S96	S960	S9601	35454.61021	53924.27222	120.6574675	228303.6355	8.062728178	10722.41673	35888.88104	47905.38016
S	S96	S960	S9602	28189.25396	29230.99294	74.34811166	126084.2894	3.868592558	3869.609576	47809.67564	62949.25912
S	S96	S960	S9603	95467.91506	153066.5292	180.3327434	864712.929	5.717001435	65134.56067	42197.98485	132106.6877
S	S96	S960	S9609	1792379.76	416448.3722	85.50178378	386003.4808	3.253941502	28783.69541	48565.13573	45726.14887
T	T97	T970	T9700	147642.5523	5281.150369	57.07633588	92094.06198	2.226669812	12271.0374	70693.58485	49612.02129
T	T98	T981	T9810	6403.221429	0			2.88372093	8870.457209		54524.85473
T	T98	T982	T9820	3351.669259	3359.173333	79.44444444	37467.12222	2.01754386	3376.98386		48706.46569
U	U99	U990	U9900	46053.75774	309448.7737	135.640625	861197.1184	15.28688525	69068.03678	61930.62273	44454.92983
V	V03	V030	V0300	25528.68554	39680.81967	25.55081967	52614.72092	2.682140047	11897.3285	23762.49604	83369.70049
W	W20	W200	W2000	28233.26759	11907.5811	75.07042254	240923.8732	3.590144435	6516.279426	57292.24852	40490.16503
X	X25	X250	X2500	7858.970974	1911.202713	31.94444444	121202.4933	2.292644135	3539.435209	82656.82217	77669.59957