n1	n2	n3	n4	exports	imports	n_suppliers	total_trans_cl	n_clients	total_trans_sp	distance_m_cl	distance_m_sp
A	A01	A011	A0111	713413.024464159	396770.44036195904	82.39616613418531	600100.612731629	2.7822388185417077	45670.53032737191	63405.66200131173	77909.3186153557
A	A01	A011	A0112	1389502.4429473681	416145.71552631556	59.04707985697259	266297.1896066751	2.5726391725696405	57245.454881143996	41955.20359228249	59928.22069033783
A	A01	A011	A0113	291309.4125394046	213240.02297723302	79.90456852791878	324047.72685279243	3.1629434954007882	43037.17733548987	59891.9829165411	63481.519715155904
A	A01	A011	A0114	606155.3682107016	257856.39615384603	73.16456921587609	192014.5516456921	4.8869426751592355	46735.12769389287	46475.335745378376	71214.99532994872
A	A01	A011	A0115	213182.3982550336	641203.9453020134	239.7325581395349	1556191.703372093	1.1261207411835026	19572.694429169132	48357.38150164373	341060.6799049842
A	A01	A011	A0116	113658.16384615385	108342.64446153844	112.0673076923077	263458.4510576923	2.7268722466960353	42453.30797356831	62094.60411925295	80543.08580320094
A	A01	A011	A0119	412831.81177777774	3725660.1003838354	188.62906804733728	1043717.185011094	6.267198872974877	103608.07652500589	47909.50073857399	39339.2141581885
A	A01	A012	A0121	73648.57227533462	11302.921950286805	55.42307692307692	103030.19296703291	2.529457364341085	21790.64471317828	63863.86534567145	54677.472796667695
A	A01	A012	A0122	5516077.056172747	3748881.701938203	122.20621297280874	749029.3013945027	3.9275603507918997	229661.3073943048	46509.318257172985	67655.69922814082
A	A01	A012	A0123	66433.95780051153	17943.79404092071	61.11711711711712	78195.32972972972	2.8957654723127035	28848.66179153096	85203.36601353419	72015.68304601802
A	A01	A012	A0124	27747.382631578952	5630.721754385965	38.888888888888886	42515.93000000001	2.607142857142857	24174.485952380957	65763.41538461538	67932.90456780538
A	A01	A012	A0125	24383.694718614708	1780.9571428571433	39.8	28655.757499999996	2.7268041237113403	12021.956374570445	28419.985429630215	89448.80039551004
A	A01	A012	A0126	2657211.532793913	1321988.9093222683	108.35364208633094	283127.2651910978	2.4761330480451273	60294.98653394309	115520.09168391443	80506.63797376025
A	A01	A012	A0127	491587.22966386593	203156.2408920491	76.0194489465154	348718.38012155594	2.674863855039195	26103.187739627338	58001.67625950714	53464.42599237446
A	A01	A012	A0128	33602.23479087452	10318.736387832701	53.02985074626866	57732.836417910454	2.146173149309912	13733.24439774154	65423.99395858084	77439.8699482217
A	A01	A012	A0129	434329.7405777783	217113.38317777772	98.26086956521739	235963.76574241152	3.3898283371765308	65083.17108378167	72726.42361998618	77382.41322982898
A	A01	A013	A0130	72859.45421615192	132118.0153206651	126.84615384615384	404903.78415954404	5.461838006230529	22640.867219626107	59742.883535193345	67365.88895075528
A	A01	A014	A0141	684972.8303389061	239277.92022141887	75.97833300800312	161309.07160843286	2.3644125626217067	35155.43899821893	66470.40866008753	54327.071571428685
A	A01	A014	A0142	13798.452765957447	41099.79127659574	30.2	55381.09618181818	10.58904109589041	52517.57082191782	14026.154765240428	29067.88029749495
A	A01	A014	A0143	9469.1895	49562.73850000001	66.3076923076923	101127.87538461537	3.55	15571.9955	43947.322585792615	28902.797900665642
A	A01	A014	A0144	59502.18647321429	21425.28888392857	54.57142857142857	106915.05482142858	2.368705035971223	31127.811258992824	54428.241895637606	46110.1887012987
A	A01	A014	A0145	59094.11632838282	77904.77621287128	72.34527687296416	401963.4881758956	3.2068818123530667	21036.552496259847	80172.44234061327	95572.07313646156
A	A01	A014	A0146	5993042.723807071	4668137.171009648	114.61326442721791	2656691.206408268	9.59779395042074	1256454.5420718642	76682.39006194694	73039.17184912725
A	A01	A014	A0149	52838.29117056856	33908.58128762543	57.105932203389834	130582.08182203397	4.099132023755139	21386.042064869805	46353.590738657054	54977.410085746575
A	A01	A015	A0150	641465.182743779	1385494.761378615	89.63015075376885	902467.3803819056	7.303023516237402	171404.25398880182	43780.85381618659	86641.2186983812
A	A01	A016	A0161	242689.8493133583	131610.7782272159	94.30386740331491	430666.91390423576	8.118321979204016	111565.94906776618	42248.37249156278	64844.48868167189
A	A01	A016	A0162	139728.1963386396	6498.454746743849	70.48529411764706	65611.07808823528	2.2806859205776173	26854.78529241877	45661.58253281924	55696.38188280676
A	A01	A016	A0163	919772.5514954267	948580.0774448623	88.60336842105264	704042.7105452657	4.657956989247312	114594.07917204303	38110.92950232312	50249.24207423763
A	A01	A016	A0164	175965.31279503106	21506.544720496895	49.21153846153846	153861.5861538462	3.31359649122807	79981.28824561396	64842.697423625556	89392.4869215536
A	A01	A017	A0170	430695.3419047619	159539.44476190474	82.63636363636364	469888.97363636346	2.238095238095238	160979.37936507934	3009.6652757020415	54266.47045454546
A	A02	A021	A0210	74827.25092032968	80865.77157967033	72.1005291005291	190613.95582010588	3.3448979591836734	52887.39518367348	50361.81128046633	81945.26900245198
A	A02	A022	A0220	109759.03141274248	128607.37398891966	133.07971014492753	819879.985362319	2.499227202472952	138390.67909582672	42494.886323485836	80427.86075522426
A	A02	A023	A0230	2247.7	0.0			2.4444444444444446	2424.14		
A	A02	A024	A0240	71832.25387351775	150118.7942819499	82.32453416149069	349765.7685093167	4.764705882352941	47210.216484162935	33910.584346711286	53734.504330311516
A	A03	A031	A0311	5303334.03579646	3990308.4091371703	158.42050750906267	2927775.0082030036	3.8117260550922416	669528.2558188031	40236.17133236997	49735.798375961385
A	A03	A031	A0312	316630.3553448278	522090.55706896516	88.4980079681275	1190341.342908367	5.01670146137787	208971.5267223385	50979.14665828269	70730.96627359417
A	A03	A032	A0321	8102903.760147708	11426908.064180203	134.88578160213072	1171452.1511616486	7.43880095089001	468830.77556038724	70649.84965201981	79337.1643045093
A	A03	A032	A0322	344828.57698752225	165755.03609625663	79.2409381663113	381695.5704477607	3.104151667866571	71742.35086393089	38034.24115777146	42263.513830778196
B	B05	B051	B0510	90820.74363636365	46551.90409090909	173.0	348864.05692307686	11.76595744680851	78152.17723404254	37780.70618978573	5826.46781080373
B	B05	B051	B0512	1009.4	0.0			1.0	1009.4		
B	B05	B051	B0513	89427.6575438596	44060.55631578947	118.13636363636364	162440.83772727274	17.356164383561644	129567.18041095888	32996.92747490163	102808.07424244926
B	B05	B052	B0520	307290.12125	201298.395	33.0	402821.2499999999	6.5	307909.37875000003	6247.607142857143	143410.7587797619
B	B06	B061	B0610	709791.8588043479	20938296.143695656	172.59963436928703	48340245.109634385	5.697394789579159	24011280.191743463	85145.38109867155	26261.933767640185
B	B06	B062	B0620	344882.0492307693	1682910.1561538463	81.76119402985074	26025453.65880597	14.363636363636363	40955386.31878787	80139.2375812433	58866.831173918676
B	B07	B071	B0710	685332.7564556963	286894.7446835443	199.864406779661	885792.9684745761	24.225806451612904	801818.7407526881	19301.637492162434	192358.68613787286
B	B07	B072	B0721	112251.59445783135	86219.7577108434	114.62820512820512	196659.58487179482	5.461538461538462	167786.5422222222	66652.80912538493	55736.47398042991
B	B07	B072	B0722	36039.21333333333	649036.4500000001	481.6666666666667	1439438.9933333348	5.2	24777.219	64499.122468379086	51501.52380952381
B	B07	B072	B0729	488957.66415917804	1215114.8769062897	61.179655172413796	424990.75099655084	4.0728842004315515	124683.45275713259	99320.45876256333	88835.6489601662
B	B08	B081	B0810	607473.2329622062	403607.28788559727	98.94609814963798	487803.117683025	12.04954331580404	253886.73090506482	48147.59379402921	79935.30686693381
B	B08	B089	B0891	103761.98663934425	84499.37278688526	66.02586206896552	216180.34439655172	5.089171974522293	126587.55535031852	123521.92355049071	90158.10946694447
B	B08	B089	B0893	470628.5515873017	154703.44539682538	169.98275862068965	332227.290862069	23.867088607594937	228558.25234177217	70872.157410529	101525.32649936336
B	B08	B089	B0899	82826.05973451327	57581.28017699116	35.92307692307692	83906.56461538463	6.658914728682171	108322.06465116271	62803.09951120441	143022.4727340811
B	B09	B091	B0910	1636965.0280519482	4254142.077186148	185.7557364914878	3907824.4369578063	6.889014722536806	4122379.913450364	101332.44432874917	56082.31076941357
B	B09	B099	B0990	54111.80384	187053.73719999997	127.27777777777777	346570.9564444445	15.952380952380953	80906.43892857144	98113.97776368812	127497.74306263197
C	C10	C101	C1010	1310693.1375529664	1352712.9202542375	141.06436041834272	1799384.5658648426	20.75959488272921	532529.4178198306	55369.90219474506	57758.18823810654
C	C10	C102	C1020	7949539.375340908	23216306.639602277	276.881679389313	10353942.10639314	12.465958775765147	2017286.2185946258	67219.14385542423	73200.41725895867
C	C10	C103	C1030	550133.5403356885	1402242.0183392225	207.63702359346644	1918035.3631397453	12.052907915993538	176151.06358239063	44009.03468235116	62496.024134008665
C	C10	C104	C1040	32862793.218085136	27668163.275265962	544.3634204275535	20404291.57636578	112.31135531135531	14261131.753553124	90098.79379147675	94939.5867191976
C	C10	C105	C1050	2306750.0286875004	1886285.3123750011	166.54497354497354	2967645.2444642857	16.30224664619363	900886.7762437356	46821.53334874715	58874.53114183148
C	C10	C106	C1061	2240650.553460122	1265006.308981595	126.21564160971906	1076455.1258769946	13.011596548004315	636455.7246871638	44142.155711097905	77592.87995542445
C	C10	C106	C1062	199071.0096428572	102074.79125000002	74.03846153846153	370530.7003846154	11.539130434782608	143290.9677391304	39128.8959405544	120935.27392658459
C	C10	C107	C1071	335223.71411728393	461477.4421728397	124.8190243902439	807445.6540487788	12.600464653169599	52105.65326120147	53154.914903006844	48409.55715717729
C	C10	C107	C1072	6422559.839081964	2400974.1968196696	296.94011976047904	6399061.79832335	11.746464646464647	2387290.574797981	32061.69371905573	71628.19216557982
C	C10	C107	C1073	1490391.5107653053	1058036.547602041	194.5236842105263	2509468.2121315785	20.983731019522775	294956.7904266091	44580.630520355924	43274.94019017709
C	C10	C107	C1074	1212759.587983871	1580395.5358870968	198.04545454545453	1268277.788636364	34.5774378585086	829336.7228680693	27602.368953698646	44712.19188028393
C	C10	C107	C1075	27591.12096852301	11959.254842615012	96.31914893617021	98460.35925531913	25.943001899936668	2124399.2014566176	41142.905963374826	101289.96174344173
C	C10	C107	C1079	7895118.89088536	4480810.129614072	190.66419019316493	3684996.8751857313	40.14794175804422	1795842.5702175149	58531.99451001524	62979.56366911625
C	C10	C108	C1080	5256663.691888489	4206664.882859707	221.37127371273712	3865194.2639972875	28.31921110299489	2462486.605157052	54602.41081559207	61405.79613361807
C	C11	C110	C1101	494962.11561919504	510157.93794117635	122.31521739130434	767717.8036956525	13.25038323965253	467521.9012621365	41715.528712448104	57609.22419695736
C	C11	C110	C1102	2394544.136340208	2122564.444793814	216.82835820895522	4282408.834850742	40.857585139318886	2687040.8598142434	60102.495033115374	127575.87269971106
C	C11	C110	C1103	1627388.3484873949	4071249.0452100835	462.55	33173981.816500008	18.67132867132867	23379541.87458042	34101.20560744185	61595.97761350893
C	C11	C110	C1104	1249629.486684842	1773271.65814613	149.6816192560175	2926632.702297596	37.4083689676237	722916.3624221134	45432.72960999093	70732.64441275639
C	C12	C120	C1200	5976.476086956521	2842859.8395652175	322.70588235294116	9534796.111764707	3.9696969696969697	46683020.77121212	135147.58731124425	32834.46543778802
C	C13	C131	C1311	1370546.795821918	224428.1016438356	186.39411764705883	929280.5669999997	38.6031746031746	1044322.8199773233	59045.9669891722	40210.94165959803
C	C13	C131	C1312	477970.218497268	285954.63423497276	103.26794258373205	522540.5072248801	10.36412078152753	131861.31224511526	40954.482594163324	53179.7122892948
C	C13	C131	C1313	126035.13983606553	66097.35434426235	117.22082018927445	234637.4887066246	10.086478738652652	36367.87171763019	39724.924446811376	30758.297189544715
C	C13	C139	C1391	285056.77499999997	80849.42381578944	172.625	561691.0812499999	25.17156862745098	184870.4223529411	45392.9011290421	11345.38900546836
C	C13	C139	C1392	434360.2371465294	261200.54634961416	106.24	499955.0685948726	14.44919323857088	79058.09869957736	65470.86074546622	36863.63532837016
C	C13	C139	C1393	566957.0924275364	192555.54688405796	107.15873015873017	1444536.0830158724	19.69172932330827	198675.8996616539	69465.59351094994	37811.10667075823
C	C13	C139	C1394	281167.4053293414	116716.1348502994	116.3623188405797	329013.58173913055	20.546875	173592.48180803587	28533.04156641016	32353.846432607465
C	C13	C139	C1399	796598.6256334836	358061.3772850679	145.77477477477478	781409.7783963957	18.598859315589355	208561.5282224338	34816.69730234804	33914.578390428025
C	C14	C141	C1410	992225.7793716715	539932.6451011716	104.53917116094237	370557.0100879932	7.158512931034482	38676.5458475702	41319.49268131098	44693.70566568775
C	C14	C142	C1420	314882.6678865979	324563.24103092786	131.20833333333334	640733.3268055553	9.616888888888889	143533.22097777767	36482.38489580969	80097.73397507108
C	C14	C143	C1430	1086436.8961333332	268901.04253333324	118.35514018691589	809208.5477102807	12.287593984962406	264268.26464285713	73331.09502928519	46101.33179597467
C	C15	C151	C1511	219835.0012790698	356232.4899999999	127.4	693016.502	5.930463576158941	98204.09817880791	18224.361259377318	66837.56377620208
C	C15	C151	C1512	303989.90479892737	97790.19758713138	110.67676767676768	345566.8678451176	10.80471659081506	45950.605858502255	65264.32613393619	61417.74947575062
C	C15	C152	C1520	1009793.5936486493	595205.5688513512	146.80840664711633	479188.8713098727	8.806262729124237	83190.3434635946	46063.94108657304	118254.32292651832
C	C16	C161	C1610	162208.4392316926	88332.02243697473	108.27215189873418	268973.2401898735	11.314814814814815	62091.18923032395	69810.86394214205	54287.49047333154
C	C16	C162	C1621	2281178.2049425286	2610479.707988506	386.9781420765027	6476351.126284154	16.08502024291498	2086907.4696963583	55969.62416925095	53982.39914535707
C	C16	C162	C1622	154832.2438585704	75274.78275172942	133.61737523105361	245380.87727356754	7.441542064492884	29698.5387069898	46097.45676876487	26910.98696178014
C	C16	C162	C1623	286501.66090410965	95372.14676712328	109.50292397660819	471718.7935672511	8.898854961832061	143471.9177194658	45686.920379583535	62153.11429116851
C	C16	C162	C1629	79136.16723958332	38625.48677083332	107.49264705882354	237298.87889705884	8.779261155815655	19557.13544989027	36219.055879953165	45104.36317284023
C	C17	C170	C1701	17637266.792484086	5631996.791592358	253.6614785992218	4948664.282568093	45.675229357798166	6411771.262917436	36676.34682065971	57340.756004300485
C	C17	C170	C1702	14785649.206976749	6656627.592015503	231.94230769230768	6040048.908317307	85.70539419087137	6829853.830497926	46037.23838145598	38315.39621333719
C	C17	C170	C1709	3698950.4343333333	823539.3766296298	179.19495412844037	1409848.1336467897	47.45043246839654	1082077.2287757797	48293.65885389509	38975.9329368806
C	C18	C181	C1811	468945.64412844094	252974.78213302753	116.47662694775435	337985.4143858845	23.785267331639922	84816.78261941647	48101.38765184118	32118.561394166765
C	C18	C181	C1812	1181459.5834337876	483603.4408949767	117.1390860692103	335063.68583407253	41.72102564102564	166216.90176410097	35505.3014748332	22451.413068937723
C	C18	C182	C1820	67896.56891402717	30765.149321266967	56.97752808988764	173153.89235955058	15.265758091993186	53150.09655877341	13668.98232545077	44979.94597164842
C	C19	C191	C1910	81.824	0.0			5.2	627.694		46649.72222222223
C	C19	C192	C1920	6383387.757931035	6064302.017068963	182.7826086956522	5043439.799021737	72.53100775193798	4932853.885775194	35301.813235055895	122214.85396293856
C	C20	C201	C2011	2306779.516150236	1155476.5511267602	155.0787037037037	1163948.5222222216	82.90463917525773	1311974.6393298972	64406.886776401014	57376.22207345093
C	C20	C201	C2012	137259.9376335878	123010.69608142492	119.13286713286713	230572.09779720288	14.271356783919598	104170.36595477398	61916.88913896369	79606.43291315057
C	C20	C201	C2013	5122753.532530611	1881053.112653061	175.97034764826176	1272788.254723925	51.843556555993246	1809951.6854361289	40032.47883173667	50872.89391330741
C	C20	C202	C2021	1533544.6487603309	526113.5939669422	179.99065420560748	608899.2965732086	51.06307692307692	753813.4092615383	56360.17980717796	72830.99078406522
C	C20	C202	C2022	7637293.172952381	2758141.9175238106	226.9020979020979	2682900.107692306	146.04573804573803	3025103.0050311843	54939.53514261927	61369.42357957069
C	C20	C202	C2023	5370553.665016729	1630691.6402675593	231.38705583756345	1687523.4211040603	28.505191873589165	928837.8117652369	53091.94403140926	66256.59258545801
C	C20	C202	C2029	2383473.810452175	909406.1337913043	171.91919191919192	872945.9203885002	54.470829391359196	785423.3990633851	62680.772935702225	56303.55979389898
C	C20	C203	C2030	66541.97583333333	11370.473333333333	32.166666666666664	304380.1216666667	24.166666666666668	165088.13333333333		
C	C21	C210	C2100	8913189.725742573	1824712.7695049508	299.15392254220455	1238671.9181628593	81.87341772151899	3023986.714623974	59609.640711604436	98785.97409144566
C	C22	C221	C2211	5724580.706275511	1017356.4198469386	276.88079470198676	2363838.4941721857	30.160649819494584	2345207.6313718418	102757.1493574954	51379.79254137954
C	C22	C221	C2219	426594.58677524433	240208.86335504882	121.57317073170732	341651.54850609746	44.630667765869745	154635.5633800495	49473.085671546716	46599.43550150913
C	C22	C222	C2220	7140146.49662083	1616242.1255009833	179.9614783966684	1128484.5314055178	48.47483111789061	1312030.58296579	32170.18967190965	54448.34983510406
C	C23	C231	C2310	616064.0829147286	258834.9425116279	148.12116316639742	589135.9411631657	17.01306604617863	150871.16654197243	56087.76579608537	34388.49951230616
C	C23	C239	C2391	173508.3878114478	122168.10685746347	102.40277777777777	700148.4695833334	8.106239460370995	61367.7764418212	33058.430625231456	39975.71085085012
C	C23	C239	C2392	2753052.1940414505	866953.9339896373	326.14344262295083	4066956.1109426226	34.90070921985816	856000.5486820342	33230.055595795035	56684.00838903647
C	C23	C239	C2393	73477.36525280897	42555.09396067417	100.63934426229508	256755.15311475412	7.0360576923076925	33417.482639423084	34832.973770100245	77787.95953551569
C	C23	C239	C2394	24333463.802567564	15725890.49594595	626.3384615384615	42911912.369076945	90.6978021978022	32960273.448571425	64226.04726732476	42369.00823861393
C	C23	C239	C2395	879730.3869524692	493799.6747437092	153.6452599388379	1053094.3577828733	16.101267625694344	254022.06069790688	44424.37875527185	40209.76584106947
C	C23	C239	C2396	63830.94099616854	33602.98463601532	135.59868421052633	221768.11006578951	6.889031156636791	30645.50651728555	54070.762655491606	31482.01340889386
C	C23	C239	C2399	781406.5436448598	686299.7980373832	161.96470588235294	880630.124058823	22.826589595375722	593878.9980057806	48809.10174590543	40226.45751704111
C	C24	C241	C2410	12356212.101333331	3946556.5206666677	396.1910569105691	6655477.874756095	64.15594441585178	4417027.262104997	51667.52581362778	54199.3827488764
C	C24	C242	C2420	1213333.9554433492	578257.5235714285	127.25296442687747	1046217.4821343871	21.076158940397352	535715.7266721854	41525.10700785521	43868.09884498117
C	C24	C243	C2431	127588.89241830065	46454.84261437908	89.46268656716418	254512.518955224	27.69888475836431	129876.39684014859	37699.55137332112	54182.298354293926
C	C24	C243	C2432	35883.41921052633	449.6878947368421	27.0	15691.029999999999	7.475609756097561	29390.65426829269	108367.26917168853	45402.77606646747
C	C25	C251	C2511	371108.6576864452	202204.34747958626	113.01873727087576	365181.1319022402	7.970655926352129	42687.768275862036	48638.04116948428	39100.42880850268
C	C25	C251	C2512	1495704.2751624547	340282.8952707582	213.9135446685879	884971.4475792509	15.131876412961567	709236.5706480783	42637.72026943953	67985.04309460576
C	C25	C251	C2513	85795.13466666668	56928.98226666665	95.29230769230769	260548.85184615376	26.193693693693692	122613.63621621627	68216.50199364897	19975.588901229185
C	C25	C252	C2520	679857.8233333334	307898.61397849466	215.23076923076923	2451528.575384615	8.991452991452991	286216.05999999994	89757.75763541435	72834.67015161087
C	C25	C259	C2591	2587716.2282208586	724497.4183435583	257.8944099378882	1142259.9461076597	12.976352887676217	835234.7337926325	38361.42199580746	28268.914868464188
C	C25	C259	C2592	321878.1252056964	48539.73723892406	120.5899814471243	152405.87730983287	8.22827711188122	29114.814741360013	35328.11139812631	51129.520860481345
C	C25	C259	C2593	180217.84251738535	35042.611738525724	110.6923076923077	401969.1982051282	19.160778985507246	42487.61969655786	44363.62008469651	41738.60444447537
C	C25	C259	C2599	1860888.4275213673	165183.1701709402	149.06944444444446	885786.9195833332	27.58205128205128	435167.9353397444	55244.15331485836	44982.22080629917
C	C26	C261	C2610	20545.148600000004	21765.333199999997	53.76470588235294	437967.28705882357	11.205128205128204	67323.65871794871	100188.78901971635	77115.84476915898
C	C26	C262	C2620	2101099.8014285704	748214.9100000001	321.3333333333333	2518748.684999999	572.9166666666666	2742292.857916667	152071.95598300968	50876.774581332196
C	C26	C263	C2630	39236.148971831	16001.125309859155	85.30412371134021	149059.00474226804	10.42123845736013	23246.785497012515	35672.059190602275	35866.9922635369
C	C26	C264	C2640	3001710.034642857	418181.74526785704	158.78688524590163	1049949.2149180328	16.411552346570396	1338027.7818050543	62005.78225385492	43104.316779439825
C	C26	C265	C2651	934628.4594300521	302040.4410362695	110.65665236051503	384075.4099141632	22.5	319311.8843534484	48562.89473026728	30204.005135361014
C	C26	C265	C2652	6610.3467647058815	181.6794117647059	51.0	37039.135	4.724137931034483	9523.051724137931		37980.07827380953
C	C26	C266	C2660	9439.946956521739	0.0			12.73913043478261	28904.046956521743		178646.26714632244
C	C26	C267	C2670	25494.713614457836	47729.30867469878	88.15789473684211	170030.69768421052	11.126331811263318	18225.334855403347	57980.07550907754	72178.22848776815
C	C27	C271	C2710	440302.25837862346	173328.52529891292	125.99735099337748	311648.7507152315	10.658929060531362	74944.68734045459	42429.741490273	37274.62946613439
C	C27	C272	C2720	1022468.6526315791	405683.50157894735	301.1142857142857	2621085.7642857153	71.4186046511628	1862756.1979069768	5760.099079187105	29060.549033709645
C	C27	C273	C2731	4504600.75081081	152664.74972972972	99.32432432432432	514034.76270270254	42.345454545454544	4755967.658181818	8114.563115731993	28269.98184374244
C	C27	C273	C2732	8658858.01625	536098.0041666665	709.4705882352941	5968535.576470588	203.6451612903226	12589035.709677415	51050.83611294794	186146.88943176417
C	C27	C273	C2733	7885470.028055555	493490.255	303.5897435897436	1683489.4920512822	95.65714285714286	6077597.735714285	50308.78082116294	41873.71800515764
C	C27	C274	C2740	83582.34841571613	39097.04510773128	81.12709832134293	181201.9487769785	9.638829787234043	27516.16016356378	41910.743593057894	39447.00057635134
C	C27	C275	C2750	3918789.9194444437	2454769.8629292934	306.0973451327434	10873658.552743362	23.406802721088436	2473713.194952382	43270.43724622085	55129.08057196827
C	C27	C279	C2790	255266.58503355712	66147.99791946309	160.56701030927834	549968.896082474	26.8224043715847	192149.30478142083	44455.34171930239	52612.85330026488
C	C28	C281	C2811	115690.67982171797	68017.32066450565	124.68947368421053	201074.63028947366	19.219142383321486	42611.99937929407	38437.00114661904	44437.70736698202
C	C28	C281	C2812	99515.47034759348	71967.2794919786	141.1483870967742	413553.43619354826	19.048132183908045	143803.4566594827	54185.290758518124	41007.208884819396
C	C28	C281	C2813	3038225.446666666	1135605.0396124031	348.1621621621622	2471900.0601351354	85.66134185303514	1376827.6666453665	59808.936444545296	59174.09321676919
C	C28	C281	C2814	38099.092272727285	11793.512727272724	120.13513513513513	182105.9797297298	16.52857142857143	69562.50185714287	71971.85267385464	29342.017062617637
C	C28	C281	C2815	468922.1957812499	189371.36285156244	206.59722222222223	577097.0794907408	16.487459105779717	299392.7099563797	46842.02776437446	42644.441879558224
C	C28	C281	C2816	485401.4780487804	327195.2081707317	213.71153846153845	1260194.528269231	15.375565610859729	190258.95788838618	49347.54632015999	45021.729517999316
C	C28	C281	C2817	10790.926	1407.2454999999998	38.625	41853.36000000001	9.5625	13252.4128125	1847.280138339921	71747.78649346346
C	C28	C281	C2818	75862.44630136986	303732.78926027403	190.0611111111111	1808742.283666667	19.45959595959596	388919.0520202017	67437.232650567	36587.6921045939
C	C28	C281	C2819	683515.2710601981	204202.65830188678	148.31234866828086	386147.67431684583	14.621406727828747	117433.18963952568	42213.14731889585	51431.24660710527
C	C28	C282	C2821	141930.30948863633	61801.171458333345	98.3638888888889	202669.08158333314	12.620134730538922	58829.78509730539	57623.34822097693	43764.3433389274
C	C28	C282	C2822	58821.14987654322	16611.13345679012	96.35555555555555	98417.28622222225	25.832335329341316	117444.18317365271	27340.41896242125	43908.08811910504
C	C28	C282	C2823	40553.31910256409	3030.206025641026	73.24	45190.863999999994	10.923664122137405	31376.964045801527	27180.494788697317	24942.073253381193
C	C28	C282	C2824	212573.7005000001	44226.8747	147.2633744855967	267951.8220987653	15.725521669341894	93503.30491171763	70445.22866241318	60161.01894677875
C	C28	C282	C2825	140667.01684210522	65779.18432748537	124.66379310344827	161528.9511206897	9.932203389830509	74229.10612052736	52519.986639418334	35002.092583129364
C	C28	C282	C2826	30462.918080808082	55023.204595959614	63.56666666666667	180893.54655555554	7.858303249097473	17215.294169675093	36297.32646331306	21652.538004973514
C	C28	C282	C2829	884923.4904132228	58904.68045454547	131.5868263473054	173294.07955089817	20.678977272727273	150796.15936552992	21233.022455433806	44081.32449438875
C	C29	C291	C2910	26269626.498085104	2593742.4690425536	335.2450980392157	25798010.7217647	53.574074074074076	49994086.88938273	53594.821320046554	54818.0058782561
C	C29	C292	C2920	313151.4673584905	357092.36320754705	176.66525423728814	799890.2410593217	17.50764778834229	121654.70014468797	37517.86163302512	47905.02994383184
C	C29	C293	C2930	408973.7033139533	304493.68031976745	207.79901960784315	1016457.3102450977	37.92578548212351	535469.3313813666	47829.12780487719	42545.92918056857
C	C30	C301	C3011	929203.9902341141	178810.50080267564	99.78554778554779	411333.7980186482	5.889345794392523	162607.3641308411	13161.093158289019	48841.23185073238
C	C30	C301	C3012	34854.75349514564	31910.08427184466	46.983050847457626	126270.35915254235	7.651452282157677	26299.059232365144	34514.97444886281	85630.01224253584
C	C30	C302	C3020	501414.3071590908	248096.83988636368	266.8988764044944	731721.2162921348	19.79059829059829	646337.0374358977	84087.1872786435	38849.774514101344
C	C30	C303	C3030	133691.16328671324	47558.67405594405	114.52325581395348	213380.1020930233	8.104972375690608	148742.13230202568	60822.94460268366	80531.69203562106
C	C30	C304	C3040	124496.58000000002	20940.520000000008	270.0	158211.97499999995	15.454545454545455	125925.55454545458	52394.66077600344	89195.77933884297
C	C30	C309	C3091	3036581.836666667	584054.1855555556	274.39240506329116	1003069.2250632909	58.785714285714285	3402379.9893877553	25392.847728260807	56165.39773438379
C	C30	C309	C3092	205928.2859523808	48049.00666666667	102.64	273943.5432	26.056338028169016	155700.2292957746	11065.925104748078	100348.28315966149
C	C30	C309	C3099	9587.477142857142	0.0			5.25	10147.744999999999		100667.68650793651
C	C31	C310	C3100	744442.1977513079	437133.7096397441	137.07193798449612	468048.07675969065	7.992894736842105	50196.25610829964	42132.690261374155	41697.79959775624
C	C32	C321	C3211	83851.67915492965	47540.32434607646	79.8740157480315	170875.6965879265	11.699276817999197	16180.39154881475	43220.62923889233	77457.73269960124
C	C32	C321	C3212	9032.806617647055	7919.988921568627	72.23529411764706	65313.483823529416	6.241059602649007	5550.2915496688765	70996.16555490687	80826.9526622767
C	C32	C322	C3220	21950.610751879703	9420.43857142857	87.25	131821.81750000003	7.065134099616858	8861.626858237545	57517.507416509325	35969.00683049986
C	C32	C323	C3230	56281.75324503309	17972.92986754967	114.44680851063829	105941.83574468085	13.749606299212598	23927.54034645669	98084.61353307069	67891.98611188482
C	C32	C324	C3240	122536.78881944444	80513.22920138891	120.8314606741573	268501.90084269666	8.176194205168363	49174.11048551291	49314.24666689803	44004.20473958725
C	C32	C325	C3250	448574.37085616443	125742.54547945208	138.74137931034483	331855.46837643674	11.439952996474736	68965.98999294963	33467.65373145909	45846.28435093221
C	C32	C329	C3290	483349.7006857143	289738.2142142859	96.95652173913044	745465.3464530889	18.478948896631824	85452.98657665504	50329.49504936866	65519.77793175201
C	C33	C331	C3311	112563.22265625004	39994.26609375	183.37878787878788	540774.4190909094	10.33864118895966	46908.40377919325	35026.880944320495	57104.11148068589
C	C33	C331	C3312	532296.1652908281	196541.68646532437	132.06380208333334	245042.37582682306	13.8723063366178	82753.6908018908	39886.42859216337	51860.46883779682
C	C33	C331	C3313	75493.70758169937	24419.170457516342	107.84615384615384	176771.7381538461	9.993150684931507	66056.01200913244	12521.2485019293	60670.715679319444
C	C33	C331	C3314	61286.00567164184	21370.226766169155	121.84210526315789	207081.2702105263	9.11675622862726	33605.32962383976	51544.27694710464	45566.758968902584
C	C33	C331	C3315	67202.62666666666	30257.98208333334	67.61538461538461	121348.52076923077	6.996062992125984	44596.98984251968	38325.12639778854	41093.86182976317
C	C33	C331	C3319	4066.1912500000003	0.0			3.9310344827586206	4437.3941379310345		28120.200288600296
C	C33	C332	C3320	24054.884965986395	3021.2778911564624	38.3125	48947.503749999996	5.73404255319149	20484.68442553193	28056.01817385624	48555.15889468339
D	D35	D351	D3510	24518115.73590077	38821885.05169713	248.9744408945687	21753595.37173586	425.4493608652901	13952097.291081619	39596.69291752941	89406.0127821035
D	D35	D352	D3520	117185.6063247863	1207226.875128205	161.03125	3528634.5265625	115.40776699029126	145171.03029126223	73303.71715158536	93175.98951588423
D	D35	D353	D3530	578380.8564285714	603406.7221428572	93.16666666666667	1672626.890555556	8.041666666666666	420486.17354166665	198255.0179078396	29422.963333333333
E	E36	E360	E3600	371036.09260707645	1164830.4608938547	87.73991655076495	2661282.4610848418	157.30994152046785	1168809.0074269008	21046.826631806452	56949.516429362055
E	E37	E370	E3700	155496.98456456445	105219.48927927928	98.21081081081081	235826.39210810815	11.570960698689957	169913.98281659375	25904.876047966398	53689.91411092103
E	E38	E381	E3811	141072.56739336503	246374.10540284376	108.4688221709007	807742.8803233256	10.094252873563219	311640.6085440612	25314.620214336068	33407.03441321329
E	E38	E381	E3812	9558.74	0.0	1.0	60.0	3.6363636363636362	5939.608181818182		3318.2
E	E38	E382	E3821	9341.987575757576	5374.80090909091	53.888888888888886	76638.17222222222	3.980392156862745	42139.73843137255	2399.375	74398.49691358025
E	E38	E383	E3830	576451.0843192487	339548.8174178403	135.8266129032258	919438.2628225808	16.049360146252287	361467.55213893973	31524.92977789849	76983.08483648665
E	E39	E390	E3900	400601.32636363636	28019.886363636364	40.72727272727273	73791.84363636363	11.80952380952381	558979.1666666667	6615.782062498906	125268.00291652794
F	F41	F410	F4100	1991169.8502801694	2215532.17797517	93.77297905487278	1597086.2387792186	3.176638647135567	137223.29048073586	40277.95221577216	42931.858188701975
F	F42	F421	F4210	3824558.108861537	2259945.8675569235	115.96998332406892	1348264.1652844152	13.326421586381747	989253.1197518952	36046.04336236499	62029.172061919526
F	F42	F422	F4220	1644896.1222711627	1085369.7192016528	93.05448154657293	902397.910804921	7.929051286252663	745342.1315009011	63210.94492016909	72829.91714293412
F	F42	F429	F4290	149162.65551532034	255776.5707799441	119.32658959537572	618038.6273988441	7.042240587695133	253733.70225895316	77738.61362416219	45640.738579576944
F	F43	F431	F4311	43000.172	15780.734399999998	119.07142857142857	325498.59071428573	5.11340206185567	109119.97855670103	6603.6818271173	66798.71434901905
F	F43	F431	F4312	197347.09677545703	133750.08827676243	112.60916442048517	418479.0299460916	3.428998911860718	78640.62569096829	33313.83387477659	60778.98689167739
F	F43	F432	F4321	825301.2369670601	507674.3045991304	128.46838487972508	346236.40846048057	11.177675558325989	81535.318709885	47408.009343194026	43735.33673901789
F	F43	F432	F4322	178882.0073248407	49535.92337579614	132.0846394984326	167918.56224137932	7.506172041620888	27598.038540683785	41892.936802003314	41291.785417471365
F	F43	F432	F4329	44336.50830303031	28172.754969696973	90.73333333333333	142303.97288888888	6.905349794238683	35517.728333333325	36955.47556638761	61915.36623757036
F	F43	F433	F4330	162898.152945946	29990.83309459459	99.05454545454545	123316.32781818192	3.8404317649179736	20185.08179376224	49780.46611025158	30474.197114542734
F	F43	F439	F4390	317380.7080788531	147286.47879569905	97.85973282442748	199259.03262881728	8.120189504373178	151777.7433250734	59621.09245477712	56328.2157750429
G	G45	G451	G4510	28483761.95656076	22769897.536186915	250.96483733158067	8339691.686408148	136.60539499036608	4798862.915965327	44143.17526246412	75427.48220646879
G	G45	G452	G4520	559247.8805765508	1050709.5642635664	111.1638246041413	471263.1286129697	16.01930854718411	28331.478764422798	57075.75085541805	45356.350194088634
G	G45	G453	G4530	2566434.234703641	3182897.579303963	108.7836955412713	510921.5435475993	51.74725227851161	159499.79154810787	79718.52813765734	49514.18652927902
G	G45	G454	G4540	201448.4582019366	256100.03865145228	92.7379010331702	360635.33469276805	17.084850746268657	37388.039228358095	111934.41092028814	58223.56523165662
G	G46	G461	G4610	563675.8406224283	364144.7433179008	52.76986634264885	329137.867380317	2.5769724923281694	10582.417561328864	54255.964505047494	149828.788226275
G	G46	G462	G4620	3114624.07378996	2710550.993657537	95.91260284968894	1041492.4335049166	11.84939743622547	233673.94165161284	52217.692380927474	71647.754586784
G	G46	G463	G4630	6575478.534221664	10810734.016484914	94.44060594864216	1791029.6471291322	13.34614470544618	295245.58715932065	60217.36060895492	62250.533782915794
G	G46	G464	G4641	1778004.2211309252	2426296.997400283	81.4218759154022	527385.606321401	15.091320992933797	63515.165112307106	66603.4341838079	63397.91227433397
G	G46	G464	G4649	10665006.105178287	6930593.3489050735	128.2380476095219	1204558.5421636342	43.65116793977638	496027.85427335656	65031.62809059492	59048.08784219014
G	G46	G465	G4651	2292990.9131245627	949778.4695636877	87.6451913013141	441937.7386789185	47.09417362727646	292246.93269889074	46638.03986173238	43450.78562298369
G	G46	G465	G4652	2483476.857747556	2275149.8308813926	94.02471131639723	1102213.2555588945	32.977000728483716	532594.2790227915	43492.03076911135	62176.81404023018
G	G46	G465	G4653	2205209.828244838	594138.6529941004	139.48958333333334	503687.44755208347	54.97924263674614	703221.2775736334	57936.992694525965	63001.5409185554
G	G46	G465	G4659	4983929.75778082	1655923.5260547937	124.2897710377639	331702.84473312483	45.18016018527454	377292.9680047591	46034.40072517953	56886.108744777535
G	G46	G466	G4661	20681794.2378409	9782841.50276136	136.05017561465127	12712845.707877595	258.27397669554824	11530555.316955425	53623.23417983919	65460.10124177374
G	G46	G466	G4662	2475872.484680453	2417999.1971616545	121.9578392621871	1288293.2202964413	77.45511482254697	1025470.8581866993	58972.02025716001	58160.85256299679
G	G46	G466	G4663	5321142.273736657	5092471.250913401	118.0157210352469	1028200.6797529121	61.78351316615357	425039.98652463633	65951.4707991272	52279.81203690324
G	G46	G466	G4669	4022424.3057394144	1902479.0886970875	105.8236595386074	583901.0357916357	20.90435381647837	308087.2254257374	72952.87151503387	57203.38279978458
G	G46	G469	G4690	6337387.6143973945	12131876.585238876	113.43718703571233	1626914.3541748715	37.86766691160136	305662.38119465247	58371.498677993826	65473.874328645565
G	G47	G471	G4711	384344.7846666665	3310934.982762504	70.28564920273348	1287782.1981442731	9.446187255146508	41334.0460319429	93627.32097845804	61914.01302572235
G	G47	G471	G4719	428058.15225776925	2235429.9049085933	110.8060312732688	1742719.026325388	14.015261389190691	27690.985833943785	63658.70957825163	49248.90118442397
G	G47	G472	G4721	1346749.9231686024	1736991.5878536818	61.64311121650462	749505.4189269617	6.644779715779962	41817.56006735867	56997.23407632742	53677.57432092341
G	G47	G472	G4722	65550.7903921568	281934.56786764675	37.444670050761424	449316.2061015233	8.24351059873559	10149.48901227222	75545.27065908338	63075.320789002726
G	G47	G472	G4723	23744.537575757582	242107.05121212124	68.0	1425892.4984	7.245283018867925	24824.324528301884	59376.62007210856	71943.23846668689
G	G47	G473	G4730	6411809.496873099	4799822.277769598	95.01629991850041	2981987.7571135657	259.56302153873037	1401200.437403138	73600.68988421641	57408.651998235706
G	G47	G474	G4741	1135132.9705439822	944352.5657754651	96.78412698412698	333508.91223246366	28.604550656804633	101732.26867733755	62169.61831255582	46251.17078104646
G	G47	G474	G4742	173039.9917375457	460182.1742162824	74.73228346456693	543800.2390909093	21.082934902537698	47320.29231702824	109451.88317767487	64702.197818001856
G	G47	G475	G4751	101725.20546525325	425245.9150412252	65.4472049689441	316847.3572614337	22.541567695961994	27988.121885721885	84414.72166074031	37617.03055115588
G	G47	G475	G4752	984403.7685817857	2675901.4237788855	80.88649627691689	498568.4950221352	41.40115319486421	85623.10594441966	90311.97677112308	37992.26109908419
G	G47	G475	G4753	171553.2492689295	206702.4107571802	96.36678832116789	259215.7233211678	21.05052512063582	39767.24728924223	55613.41015281748	33926.279656604565
G	G47	G475	G4759	532927.0409026562	2049095.2165486733	78.40922364313765	479647.5880475276	19.59567470019793	82839.93706717936	110782.49564849993	50053.885736180426
G	G47	G476	G4761	690876.3914208243	166678.28114425155	80.65226510067114	693969.1306291947	18.889648726891426	43876.39434726132	68995.27868709885	43816.95119046087
G	G47	G476	G4762	12676.5427027027	3871.9529729729725	49.3	38534.29000000001	6.739130434782608	18377.345652173917	30949.827560646903	76421.84526001776
G	G47	G476	G4763	54738.74046128504	100932.99504118616	68.38940092165899	243670.07062211976	24.05832485588335	22451.374608341768	93878.77844603242	51062.95960649274
G	G47	G476	G4764	17688.557184873956	45510.8212605042	92.26126126126127	188155.24864864862	19.856038647342995	16924.316782608694	66995.74261672175	47809.19216342945
G	G47	G477	G4771	167791.9447708446	856344.5693981232	71.76900815574848	381230.21161930927	7.304017035483457	8937.299438535218	92226.83490758286	59346.0208947843
G	G47	G477	G4772	476433.351314596	4424008.502116954	63.51298511817917	862717.9945426057	16.995678830478276	35124.483908273134	88522.61345378064	72689.52643216812
G	G47	G477	G4773	347044.3858675234	544752.614597133	63.23015585357013	259234.99249365716	7.080408141229823	15577.742038978407	74161.08893235674	46983.10035981682
G	G47	G477	G4774	66016.81106995883	15091.657613168727	54.21495327102804	66955.29682242991	7.223568281938326	25432.7475770925	54826.20664417274	62021.58352355781
G	G47	G478	G4781	122175.92071856286	356273.1379640719	189.3	1142484.2438333335	14.322683706070288	103375.22418530348	68325.00339125686	60020.602127662474
G	G47	G478	G4782	90996.88674556214	87495.39151873771	80.46332046332046	286009.054092664	11.594188376753507	24048.82797261191	64463.606949541216	76375.3723706357
G	G47	G478	G4789	3053.747037037037	102940.1642592593	63.476190476190474	295124.8714285714	5.466019417475728	7070.92281553398	214898.56148216862	61889.29956428853
G	G47	G479	G4791	15547.304083665353	6304.55203187251	91.49425287356321	233641.64919540225	3.3759022765130484	10137.840549694594	46753.48230093078	142765.31731535948
G	G47	G479	G4799	205809.5346778918	291431.49269399693	81.34501992031872	502081.8647729089	4.988172612904125	14440.879990236826	77170.11985109419	147588.82938830895
H	H49	H491	H4911	58150.5604379562	311522.583430657	152.1818181818182	2129555.1540909093	3.981042654028436	94132.49383886255	82425.38180756013	63605.82174032631
H	H49	H491	H4912	9977.562115384615	1700.3586538461536	52.75	37425.689999999995	3.9245283018867925	33272.48707547169	14172.37381682222	54187.55318852687
H	H49	H492	H4921	538021.3817396676	612828.9846699565	73.4543382464671	489964.90628172073	13.098931520910773	61508.749700919376	44083.489708033274	51102.175403847374
H	H49	H492	H4922	262341.7274086055	122220.30958589488	35.917802844531636	89222.44202256009	3.203449798701832	11003.240706187049	23048.90617926549	58848.52367725404
H	H49	H492	H4923	2261149.8990617376	2117378.660369371	80.16090140133821	384478.89505839185	8.773026086892829	57432.23782672732	63456.651919736745	62188.331843663604
H	H49	H493	H4930	47385.16581081082	1397518.2920270269	256.15555555555557	12534847.816444445	8.908496732026144	15013170.452156859	71443.40545953557	19307.623544460355
H	H50	H501	H5011	82406.53234693875	22671.636326530617	51.921052631578945	259145.95236842104	8.746031746031745	58299.49814814815	5854.535037364094	83836.71821654773
H	H50	H501	H5012	4349547.908878788	2698275.0454848465	138.8421052631579	2224972.378763156	44.49278846153846	1574952.3781346136	26869.96740528194	77368.78691641321
H	H50	H502	H5021	133624.6746153846	155862.75269230767	117.31147540983606	378197.22836065595	6.63527321190582	30381.702816525965	39622.70022733026	116587.47408481692
H	H50	H502	H5022	195065.25068965513	1475136.9123275862	105.54385964912281	3366596.725263159	11.942140790742526	68089.8578302797	8536.085847293494	86585.56108832642
H	H51	H511	H5110	8486998.506516859	12106747.953033708	225.08739837398375	9305923.041077236	395.1300366300366	3873433.3210805845	109029.9871445757	64952.125807728065
H	H51	H512	H5120	2807425.7137864083	2642961.534174757	116.87317073170732	3283847.0862926836	68.31600547195623	1320441.7870451435	53078.363485024565	50654.38737398218
H	H52	H521	H5210	7300393.866225895	1706015.1804132224	140.18395721925134	8066385.039882349	78.42703091301222	2683607.409964052	48676.0610477562	74746.04647015575
H	H52	H522	H5221	684747.6296052111	365547.3831464663	69.95316198850186	324161.4003652364	6.694272413359243	47856.55993513265	30580.482010511823	79322.72715034043
H	H52	H522	H5222	1159144.2761688323	447273.050194805	156.6534090909091	1320948.3678409087	26.732080723729993	223391.11327766193	40000.335946189516	34983.91045409911
H	H52	H522	H5223	331004.88627118646	245162.58322033897	114.32773109243698	344965.2052941176	22.832298136645964	573358.7814906832	81806.17539194658	74118.4156585466
H	H52	H522	H5224	1570767.7538908462	521913.1202464787	113.18384401114206	1095973.8744150407	33.2661323189784	299629.2852764575	24359.877425349496	72738.9266856848
H	H52	H522	H5229	1333042.6166616539	648258.1091879698	101.71733086190918	479672.00621563167	16.928495861596865	137559.37258945857	34622.67707298005	70622.94149835591
H	H53	H531	H5310	436714.38400491426	284569.32620393124	143.12473572938688	551027.5799048626	58.958989640981976	118326.14065559766	56418.23957240766	159400.8396150599
H	H53	H532	H5320	271984.86559347203	81788.76040059344	85.91058394160584	241321.43781021895	27.469830111306386	76795.15368482724	54518.61000909511	155429.94158014783
I	I55	I551	I5510	380871.8329805524	315908.2038534598	140.72374465388882	254331.37295738966	36.53734133325293	41135.34769409376	57211.45796206212	170865.61134794232
I	I55	I552	I5520	19609.5518879056	15309.901415929204	81.60204081632654	101094.46734693876	6.7251908396946565	9521.02092990979	42203.50184744575	61101.22718109284
I	I55	I559	I5590	17558.966470588235	785.4858823529412	108.75	27660.97999999999	1.5504587155963303	3012.9772477064216	66913.1875	2214.373737373737
I	I56	I561	I5610	457128.4996425458	1151259.416277244	103.53326023391813	493096.1555299722	25.040406030495117	10413.300878447804	45977.52152989617	87838.19060002083
I	I56	I562	I5621	294963.49354719766	177196.77893067856	126.71867612293144	567401.7715760444	9.974678246311605	67111.55098252592	39621.13350504646	61928.93108647989
I	I56	I562	I5629	73035.3279913607	39345.51507559395	100.12121212121212	383344.2349999999	7.4730974309258364	47417.82237518176	54418.12925558806	61003.131891832854
I	I56	I563	I5630	186569.1426114648	142010.09361995742	87.04892280071813	280966.6054937164	7.245552829320657	23043.615521583935	41343.06500141187	69722.90092592158
J	J58	J581	J5811	413785.01685344835	239392.84594827582	134.1	3290825.2476315764	26.578631452581032	116723.99205882341	31781.855920740607	49829.69698828628
J	J58	J581	J5812	29396.234285714283	0.0			20.75	44910.7225		40508.03608630953
J	J58	J581	J5813	626132.8000110867	388189.77429046587	147.89204097714736	612284.1766351456	34.26602719766877	138972.05432855774	37853.12513775511	55741.29659692416
J	J58	J581	J5819	11424.270804195807	1001.2125174825176	33.628571428571426	110855.01399999997	7.3144424131627055	13774.244579524682	50621.090457855134	43451.90016796408
J	J58	J582	J5820	53722.341979166646	5121.098020833334	36.15909090909091	57651.63227272729	11.815436241610739	42244.1243624161	30840.028327154243	76709.07758761854
J	J59	J591	J5911	127381.87872901675	52766.7965227818	114.9272030651341	130573.32260536394	5.400115696104898	49139.59884496712	46292.60505070282	38944.33472625818
J	J59	J591	J5912	14096.335102040819	218.565	30.8	16575.579999999998	14.766666666666667	19466.66133333333		68177.3236174745
J	J59	J591	J5913	464500.6619101124	31697.74853932585	66.5	290520.0796875	5.941780821917808	312128.5429452055	37766.80968766784	73794.27400791785
J	J59	J591	J5914	325606.7919230769	2093122.6805769228	219.9404761904762	3737628.4622619045	166.2076923076923	382442.69830769236	86339.71912028997	23551.569604272703
J	J59	J592	J5920	18390.494824797843	1590.7467115902969	46.49382716049383	53142.841481481475	5.2072538860103625	12507.810909614282	35058.90623927238	41107.47695047477
J	J60	J601	J6010	693755.4985774064	524398.9394560673	140.29324546952225	672577.3646622725	25.4830035514967	334207.22544393706	59248.295930940294	72048.01251880926
J	J60	J602	J6020	1142317.6608333339	436209.7298571429	207.94565217391303	1207450.372847825	9.297780722093409	352740.2774958597	48971.778649840395	65458.446475023295
J	J61	J611	J6110	3822521.3977262885	1437001.2417349126	168.1761658031088	4874807.023354921	314.3099173553719	3778201.7810625676	69000.81931137879	60168.66236751947
J	J61	J612	J6120	4930307.975007729	2952910.6849459037	114.50441988950276	4221527.446828735	107.36787204450626	3038534.6127422545	53275.862566706644	87227.60117472801
J	J61	J613	J6130	1022609.186049045	482035.9681471389	106.69202898550725	906175.362065217	104.62188515709643	894068.6451354275	51608.385519901094	51409.560893429014
J	J61	J619	J6190	165274.3961522842	116346.82404060915	99.49859943977592	511496.0197478989	8.951216776942918	75674.49849837397	34258.78680824527	57211.672555503166
J	J62	J620	J6201	562919.1482794125	158842.04908823528	62.48857076887555	112374.2881597779	9.974332247557003	102267.08282779515	35132.471225733985	38723.787627819875
J	J62	J620	J6202	121513.84889285709	59088.913749999985	63.33705357142857	154003.0345982143	9.096587926509187	72378.28088713918	49458.49239133692	34455.79265899968
J	J62	J620	J6209	446990.6859417478	711592.9493009709	72.346016646849	697064.6218549341	24.450635650527456	107683.11644847169	32472.475063579805	48964.27870200474
J	J63	J631	J6311	236060.72902807762	95015.18515118789	71.31954887218045	382960.6065977443	9.199983222883986	33396.58138495128	32185.199489175367	75496.87047560529
J	J63	J631	J6312	127644.7044827586	6820.98448275862	148.875	185608.86666666667	46.16216216216216	150367.96630630633	52170.70413587077	63098.11919012378
J	J63	J639	J6391	50408.278544152745	12415.045322195705	59.0	477782.2367073171	5.166819712274258	18104.65138659323	63810.73767884573	49829.00177669713
J	J63	J639	J6399	20402.993436123354	1216.5487665198239	58.26470588235294	243891.24264705877	6.908460471567268	10473.9451132686	61505.70902612549	50324.020239222584
K	K64	K641	K6411	10254.524090909092	55891.59136363636	79.58823529411765	221874.40470588233	2.914285714285714	48718.324571428566	4122.99495402771	47339.69456521739
K	K64	K641	K6419	1979622.4554975745	6991707.33371359	155.87439379243452	4157198.7370530264	79.40553860596104	1950452.8550621972	32715.89346359627	80281.87146780186
K	K64	K642	K6420	343834.765944056	423409.08160839154	43.590322580645164	271023.24630645127	4.826298701298701	256523.84256493536	40973.688744783816	59576.26524483075
K	K64	K643	K6430	1127798.0786206897	2992915.600551724	20.42063492063492	532022.5612820514	13.151136363636363	368510.22671590926	15629.127334118934	77136.20651526627
K	K64	K649	K6491	5181.115714285714	141.29428571428573	24.666666666666668	9080.961666666664	1.9375	5570.528125		30219.333333333332
K	K64	K649	K6492	495.2457142857143	11224.285714285714	28.0	54306.990000000005	1.1818181818181819	8846.914545454545	9672.4375	119275.07142857143
K	K64	K649	K6499	1446837.3317846167	1189276.2546153849	59.062625451625856	940057.6176033721	52.54139715394567	744409.621351877	13254.08570269256	58591.4250946751
K	K65	K651	K6511	26316483.453442637	9274700.90311476	198.3104041272571	2539992.9057523655	189.06216577540107	4029170.1017513364	60923.846422752154	80788.52424296855
K	K65	K651	K6512	25166170.413906265	9305033.333750002	214.88262910798122	2713820.180062597	262.40821256038646	5204399.901545896	51756.22818503591	79752.84968559361
K	K65	K652	K6520	2300.6135714285715	25683.982857142855	75.76923076923077	51341.96	6.357142857142857	131100.01285714286	1066.975	256815.13333333333
K	K65	K653	K6530	209081.49208333332	2266606.874375	78.49704142011835	1251597.1895266278	2.4146341463414633	166700.9481707317	58862.045800934444	10102.67714884696
K	K66	K661	K6611	1227399.2750967743	1401140.0938709676	21.408497950055907	298874.95420797705	16.112939416604338	374906.44329095073	28052.077979328085	50441.77174968145
K	K66	K661	K6612	60061.97584905662	56130.47698113207	34.66981132075472	99115.99490566037	6.402061855670103	45460.18628865979	28487.46546516491	33717.30342503023
K	K66	K661	K6619	4474668.293786402	320695.98482200666	53.810554803788904	243429.13747631942	25.75	720771.1330163861	24525.365284444077	38332.927096853666
K	K66	K662	K6621	209329.66107638887	142663.31052083327	94.11455108359134	346943.5945201239	16.66726403823178	114248.7080525689	37387.1214887985	77252.80843914769
K	K66	K662	K6622	1065075.1742483657	259115.05911764706	82.64932975871314	182939.9150348522	8.988989209425236	217628.73900682645	33590.139112169774	122072.0016031422
K	K66	K662	K6629	11877.377333333336	9230.283333333335	10.666666666666666	26780.673333333336	5.0	54659.73375		0.0
K	K66	K663	K6630	2384527.4554022998	3063293.683275862	29.101828681424447	475370.3597497603	14.585920419763882	463657.93132488	27869.194887364843	62793.94538617888
L	L68	L681	L6810	919007.8330419582	1897153.006127623	35.86306001690617	286066.05384132476	7.397997244531067	139712.31834940673	15473.389098006324	54206.65358700504
L	L68	L682	L6820	1561214.7571117713	2665794.816475435	59.468108748796205	528063.241961999	7.633702989940141	51288.58840113873	40117.54984565549	67677.02972514591
M	M69	M691	M6910	480869.8758434057	97842.67099316872	64.28294651866801	150025.11044197742	9.265641866229561	30837.878347059577	31321.036596309525	52239.28663205542
M	M69	M692	M6920	498764.2639439653	131528.4503987069	56.79564459930314	292223.60974215966	5.28508106847078	16796.66942267071	40172.05341862266	28501.904168609824
M	M70	M701	M7010	800200.6614131227	487995.1453929342	93.20829464562055	707748.5594986054	11.858140105938892	131825.18871049123	56916.36147015488	24518.22247678378
M	M70	M702	M7020	1690133.791684914	841945.2592908132	67.52437289664503	212323.57519862632	7.089376993876279	83821.79654453299	37036.233114559865	45072.94625901094
M	M71	M711	M7110	4475274.329993	3501850.971639864	105.043952907599	481702.34431061987	5.166726123626434	146118.0237068977	63561.03250020036	50242.475028923254
M	M71	M712	M7120	576483.3217415733	327078.91398876416	169.90092879256966	421261.2117956656	55.24570446735395	466595.36960481125	71893.88078666461	72994.839128527
M	M72	M721	M7210	126268.99465656567	141899.70045454547	87.67697907188354	243344.10333030022	7.533167278447824	31917.434710277936	43009.88632449732	52118.608676838056
M	M72	M722	M7220	72885.25655616948	190057.6307550645	74.22181818181818	244550.2017333333	3.5027985074626864	16325.219482794364	62060.99962139823	30808.985805985794
M	M73	M731	M7310	1447422.4211212327	1096039.0147722499	114.79174603174603	603527.8627142864	11.89276223229639	124117.66719332828	36073.520724347334	66006.30715182914
M	M73	M732	M7320	144311.08734513287	41992.89330383481	140.49851632047478	241901.29011869448	1.9222849345655275	20254.424403646935	43084.03665979076	214313.5305689951
M	M74	M741	M7410	153886.99005928845	82033.41304347827	102.66763848396502	165484.08491253643	6.987254381306426	31648.30468534253	36327.50037873758	35309.02640752886
M	M74	M742	M7420	27119.35184541063	15631.822260869558	57.38066465256797	87549.77108761334	9.072933998890738	9050.316088001453	61511.76250158077	44719.080592081846
M	M74	M749	M7490	760211.9874951557	290501.73787306214	77.92485838053982	209530.39427857377	3.5570467950155615	16915.370469799298	57038.97356213576	54730.27744738295
M	M75	M750	M7500	57458.17069791667	76186.01812500003	77.74766355140187	165758.06123052968	7.499687460932616	12923.857587198412	72516.44431250157	39488.105421155466
N	N77	N771	N7710	209771.92125869237	151778.62545897096	78.84123563218391	434445.1696623564	4.2684735361800055	26935.862934032182	46759.06816210586	90883.46382840996
N	N77	N772	N7721	14621.129918367351	14902.92824489796	52.258823529411764	76755.42035294118	4.564444444444445	11526.54604444444	26481.36404054186	58348.56254121657
N	N77	N772	N7722	10062.253112840464	9320.876079766536	80.1	326135.48300000007	5.333102132824692	6817.783983006766	98042.15876424435	39234.455409076465
N	N77	N772	N7729	53256.79834602833	14739.839553862892	104.23464912280701	88456.14850877196	9.808583247156154	129506.99891623514	40281.48637319068	36845.551444218465
N	N77	N773	N7730	377217.9403780073	1057049.6605792823	89.78704612365064	823012.7501373905	7.735827001753361	24035.740433664425	60750.84188795257	61212.698289270214
N	N77	N774	N7740	21442.196249999997	12204.128750000003	110.38461538461539	44252.90923076922	7.104166666666667	41542.93000000001	82930.89777478053	3433.2346892023365
N	N78	N781	N7810	2099245.1604878055	270114.89312195126	47.12305374183827	85738.40873430442	14.17388218594748	425384.2574698364	26340.935675268265	49663.18827882551
N	N78	N782	N7820	243068.74910077517	1225231.1191627914	100.29411764705883	3278045.2985009486	3.6944444444444446	81600.76308153455	34507.24026977688	74492.61162140843
N	N78	N783	N7830	149083.48666666675	135366.1123809524	62.411764705882355	183417.86647058828	85.71875	134920.55593750003	58430.550781946964	25663.08627497306
N	N79	N791	N7911	1489618.9983442838	2521775.842654403	80.12289354706124	355008.03458076395	31.745101531884576	280630.85072586464	48006.60445640468	78600.92886827793
N	N79	N791	N7912	214522.64131944423	460093.9559722224	149.19875776397515	1053120.1844099383	35.59090909090909	259905.36510489497	30124.817103252586	68026.62562731154
N	N79	N799	N7990	135600.27013201322	266329.7917161716	269.4782608695652	1192977.4319565215	57.41546961325967	176875.48538121523	86710.32927211499	63258.628288373395
N	N80	N801	N8010	2708360.8360694153	377697.02328330197	146.44658527279665	229377.1814002289	21.482838492314173	475207.7277911127	47236.539908277504	54362.059280274036
N	N80	N802	N8020	32189.49154471545	78886.78878048781	154.825	281173.45800000004	16.657320872274145	26832.829096573216	22183.591999890134	54579.20346298025
N	N80	N803	N8030	9931.08825	50129.67600000001	73.93548387096774	385201.4896774195	6.895348837209302	14731.629883720923	92089.61085089318	44976.324830042846
N	N81	N811	N8110	28906.63381679391	14240.50320610687	68.14814814814815	142297.39888888889	3.6174698795180724	20218.05927710843	48459.230461744424	74415.48245597827
N	N81	N812	N8121	31481.642588555864	3661.22749318801	67.98461538461538	53919.75046153847	3.423776223776224	16745.28402797203	33784.418912290515	65738.49611660448
N	N81	N812	N8129	243203.5198912454	90847.27557911903	91.47109549664644	163104.28451932265	5.223672398315033	58220.04472101374	30915.433694985764	59075.12462006539
N	N81	N813	N8130	5382.75786407767	41.88640776699028	4.8	8010.695999999999	3.4705882352941178	8663.427219251336	0.0	58078.83495467519
N	N82	N821	N8211	73835.75504970184	70816.64858846921	74.4862385321101	483887.03660550446	3.563734664171345	13916.508450821362	42050.63472011884	84647.75648544982
N	N82	N821	N8219	149015.97461654138	96521.72903007519	108.89611872146119	1631824.244029682	15.966444334650856	31789.395803277363	44498.01652454021	52943.775068272334
N	N82	N822	N8220	1037716.3866153845	272744.2766153846	153.3125	908046.6626562503	9.297297297297296	899776.7010135135	49172.392550339355	120829.66588895324
N	N82	N823	N8230	83099.67233093531	72883.93851798559	98.85992217898833	213337.2297665371	8.596235194585448	30729.38351945869	28914.715096635166	61773.8013161391
N	N82	N829	N8291	131342.73049723762	90003.19955801108	71.92611683848797	266928.9870962199	7.729552469135802	121194.48461805577	46787.72287090541	70793.19476030374
N	N82	N829	N8292	169469.55232558135	558321.6624418604	129.33085501858736	1018272.2586245355	13.878548895899053	176461.31069400607	31076.702807549384	26556.199655173954
N	N82	N829	N8299	14872.15844155844	54.050909090909094	7.818181818181818	6975.769090909092	1.59009009009009	7369.099774774775	0.0	24450.127366609293
O	O84	O841	O8411	495503.9998269786	4873852.375680864	135.70986947561255	3583993.609761857	23.972705093016163	514972.02543560416	43177.22829438288	37576.16178718514
O	O84	O841	O8412	95101.53113537113	710296.8883915577	70.88585111014366	467577.8760896834	16.39318855830862	85318.67698459752	35513.22806494793	41094.657589229224
O	O84	O841	O8413	243652.95463253054	2848731.86391566	77.66507768361582	1528971.9062888431	24.068390560972162	160158.1662964533	38273.05240759446	77486.22280785935
O	O84	O842	O8421	20217.867966101694	634561.862881356	171.61654135338347	835153.3437593988	6.015479876160991	180082.1273993808	82901.90790456621	20568.20067853226
O	O84	O842	O8422	305519.2487527353	2062520.2498030625	187.46681175190423	2630556.186071815	32.14769975786925	623624.2428087166	71473.34963906859	122445.53849798981
O	O84	O842	O8423	25942.327811209427	419894.96549262555	82.89163287873203	745771.608864726	17.005847953216374	287100.83262626285	44592.61853886855	96567.79467450088
O	O84	O843	O8430	13026933.587240262	5198558.536753245	93.23926380368098	4064187.21608896	11.407488986784141	8971096.00508811	34766.983388664914	56938.73369573058
P	P85	P851	P8510	35579.3415541773	98694.59743889085	85.3969866853539	157778.78564587818	2.217699374511337	6808.717014757643	23573.758246260062	36534.38764971057
P	P85	P852	P8521	14970.158611031742	150223.66966276092	49.33140562248996	216930.24483694774	1.8790885040885041	35446.64408639976	25014.429997890464	36087.89372455162
P	P85	P852	P8522	13415.07128648005	39011.333799880886	63.29559239789729	79651.70418520027	2.272039394667307	6994.311638241675	26423.84260996125	56147.19595237086
P	P85	P853	P8530	233168.85360991367	825540.4455765088	365.36347197106693	1903818.7839330893	2.7072276280219896	8462.558264377274	43493.536785992255	34867.877409391716
P	P85	P854	P8541	9591.071783216787	361.63024475524475	56.07692307692308	26026.31769230768	3.2620967741935485	7096.026314516116	9390.160714285716	49936.85423417733
P	P85	P854	P8542	7152.32135273973	377.24626712328774	58.26315789473684	39620.387368421056	2.5110145826869377	4488.792491467588	26578.069739783343	42047.75199626171
P	P85	P854	P8549	135762.5910696266	143953.5657870837	83.43020882399121	133389.03600408224	4.229983149426537	10850.150306571693	29881.30405914609	49930.98336887548
P	P85	P855	P8550	3159.731029411766	198.05985294117653	13.5	7564.93	3.867158671586716	2034.8218450184493	145955.66666666663	77388.56940728953
Q	Q86	Q861	Q8610	530313.9087693796	1606248.21492248	142.24890061565523	1289915.8894151263	16.68324607329843	301654.46741884813	34084.60943287009	88974.99989671109
Q	Q86	Q862	Q8620	751296.0390828397	1552387.6946227779	146.4450715581536	1078128.9532644653	5.767817528180312	44130.941751388826	40695.90941446685	76098.19632814138
Q	Q86	Q869	Q8690	179370.56623529427	197677.4435727554	99.85672191528545	344261.0928029468	5.042995808515332	22979.974026693068	35349.36177506021	59539.81070648805
Q	Q87	Q871	Q8710	25477.82505376344	291734.95591397845	113.83333333333333	422792.8984523808	8.912	34197.85567999999	40824.570376549316	99989.4810337955
Q	Q87	Q872	Q8720	266511.09402953583	4380440.098248945	81.39233278955955	4235464.268523648	10.397887323943662	114009.7881197182	29263.49694547583	54937.08737423801
Q	Q87	Q873	Q8730	17324.446765375866	68560.61150341686	61.246770025839794	84546.22188630498	5.899641577060932	19450.626774193533	22951.8652305623	54147.97209773814
Q	Q87	Q879	Q8790	75294.66248154982	473030.28823800763	91.79603476371537	253261.1914122765	12.295231653703077	71299.83852553273	31705.806038236533	51549.5076162014
Q	Q88	Q881	Q8810	39425.21567901238	92840.20602469138	72.14818181818181	112333.32891818175	7.574545454545454	38588.894600000036	40326.0607805903	44681.29983316149
Q	Q88	Q889	Q8890	449070.9674191685	489176.25383949117	75.54613325820539	309343.19577546074	7.983412322274882	204461.05085752363	32095.815577957354	64483.66381235415
R	R90	R900	R9000	87044.596664495	15164.58028664495	76.62196861626248	109739.55918687588	3.9034361348373214	8580.00521179716	47782.36627341533	51134.78923943891
R	R91	R910	R9101	31732.732983193277	58453.71525210083	99.06787330316742	745241.8461538454	16.798206278026907	91127.05926008966	48076.342676964094	50337.907517804255
R	R91	R910	R9102	9109.176310679612	12675.41699029126	87.76363636363637	79973.06199999999	13.44343891402715	21315.412941176477	20106.431433327776	89202.97946653157
R	R91	R910	R9103	10269.426992481202	10802.42135338346	54.125	31747.08224999999	6.835680751173709	20253.795774647882	60536.85048287149	60752.58817798048
R	R92	R920	R9200	16907.583602484472	85633.13	109.08032128514056	287212.02646586346	7.31104199066874	19563.33844479005	41572.36467671031	64246.70980865654
R	R93	R931	R9311	203776.1154201446	170030.49500278244	87.99271991911021	634164.2705581415	9.39335810496981	49595.90909428703	31474.14597983207	53752.71538584214
R	R93	R931	R9312	99748.56650485439	57515.11844660192	136.66949152542372	344509.6154237288	23.74576271186441	202296.7144067797	27207.960114837766	32655.218159995366
R	R93	R931	R9319	42191.81752136755	16013.86782763533	74.6687898089172	218319.77754777082	2.0057197728790914	7282.282095440898	39347.19869020742	38067.396585225986
R	R93	R932	R9321	20720.08109958507	33668.525186722	101.66666666666667	169824.4058854167	7.831770222743259	14715.737778429095	43810.47216370992	66446.59241810351
R	R93	R932	R9329	23738.7066539924	26490.53433460076	87.64810690423162	213210.83717149196	6.46759163387865	14874.08261130669	48398.403195592764	59930.107018092305
S	S94	S941	S9411	142938.86260638293	216919.20030851092	47.82165605095541	117007.39673979735	62.561625403659846	109738.18051130256	28718.268355062515	45219.42656389095
S	S94	S941	S9412	183434.09451690823	164350.8384299517	63.57347670250896	209523.65910394263	9.947904869762175	154599.97896942188	25884.82427767085	55312.8683442432
S	S94	S942	S9420	811573.948736005	474200.3870964241	32.826027397260276	104953.65689844184	18.655086848635236	189210.0620099257	25388.734557936892	58577.394161443524
S	S94	S949	S9491	73068.26621138216	1315645.9825934933	93.33901943063715	359142.2852993674	9.38875348189415	31530.9971918523	35891.52432249401	37368.208062095335
S	S94	S949	S9492	7127.824512195123	42324.82853658537	34.767857142857146	94756.02741071429	2.5153846153846153	14030.24	47023.75878899911	52497.14341085271
S	S94	S949	S9499	100423.33108671785	213240.30811745318	37.49840806579995	95594.47270363521	16.275780789628758	70179.95256727576	30013.64748163352	60859.41105710002
S	S95	S951	S9511	154624.1587675765	112306.30840363931	77.1251101321586	225744.17148017656	9.797811435611276	21832.77792847307	46841.128730218006	39350.03025907032
S	S95	S951	S9512	24150.46099999999	61047.426680000004	87.51851851851852	612524.2481481481	8.791955617198335	15361.89966712898	61842.568119307034	56794.017254766804
S	S95	S952	S9521	10008.240771929819	1572.2528771929824	42.42857142857143	68182.1	10.390032502708559	6043.384496208021	48289.681923714765	38450.834979193045
S	S95	S952	S9522	35702.70158865248	21533.359234042553	111.61783439490446	168739.92191082804	12.17529023935789	10294.202645836334	67592.5362374184	39064.93900799226
S	S95	S952	S9523	10808.048468749996	7924.1341875	114.68333333333334	159367.49633333326	7.272914521112256	6185.269948506703	55631.36000418973	37252.085091513545
S	S95	S952	S9524	13989.383083333336	99.53008333333334	107.75	159568.7625	7.257668711656442	15233.79877300613	39985.59670819032	45151.58159488346
S	S95	S952	S9529	4678.41923180593	5792.13398921833	51.323076923076925	160361.85738461534	6.572046437514227	2462.0756066469316	98922.6310700064	32989.81919470167
S	S96	S960	S9601	35454.61020540544	53924.272216216195	120.65746753246754	228303.635487013	8.062728177895785	10722.416733322267	35888.88103798709	47905.380161187975
S	S96	S960	S9602	28189.25396226416	29230.992941680965	74.34811165845649	126084.28937602624	3.868592558354518	3869.60957568753	47809.675642614144	62949.25912112956
S	S96	S960	S9603	95467.91505980855	153066.52915071772	180.33274336283185	864712.9290088504	5.717001434720229	65134.56067073172	42197.98485041446	132106.68766070658
S	S96	S960	S9609	1792379.7597050024	416448.37216759287	85.50178377539942	386003.4808422525	3.2539415017251083	28783.695414423244	48565.13573135412	45726.148872064616
T	T97	T970	T9700	147642.55228668966	5281.150368600684	57.0763358778626	92094.06198473279	2.2266698123099506	12271.037395145258	70693.58485440294	49612.02129284516
T	T98	T981	T9810	6403.221428571427	0.0			2.883720930232558	8870.457209302323		54524.8547309833
T	T98	T982	T9820	3351.669259259259	3359.1733333333336	79.44444444444444	37467.12222222222	2.017543859649123	3376.9838596491227		48706.46568627452
U	U99	U990	U9900	46053.75773584905	309448.773726415	135.640625	861197.1183705357	15.28688524590164	69068.0367759563	61930.62273216015	44454.92983347415
V	V03	V030	V0300	25528.685543478245	39680.819673913036	25.550819672131148	52614.7209180328	2.6821400472069237	11897.32849724626	23762.496036723507	83369.7004927701
W	W20	W200	W2000	28233.26759162304	11907.581099476436	75.07042253521126	240923.87323943662	3.590144435004248	6516.279425658466	57292.24851654942	40490.165031548524
X	X25	X250	X2500	7858.970973913048	1911.2027130434778	31.944444444444443	121202.49333333338	2.292644135188867	3539.4352087475227	82656.8221702928	77669.59956905701
